tree
version=v4
num_class=1
num_tree_per_iteration=1
label_index=0
max_feature_idx=16
objective=binary sigmoid:1
feature_names=log10_trade_value relative_value_gap_bps product_is_forward family__missing_required_source family__ambiguous_or_unmatched_linkage family__duplicate_source_conflict family__currency_pair_or_side_mismatch family__economic_value_mismatch family__trade_or_value_date_mismatch family__lifecycle_status_mismatch family__post_action_verification_failure field_is_base_amount field_is_quoted_rate expected_source_is_fix_execution observed_source_is_legacy_booking condition_is_decimal_tolerance currency_is_g10
feature_infos=[3.7041494233776122:8.1987869591530327] [0.0067790820511608963:120.01364065688762] [0:1] [0:1] [0:1] [0:1] [0:1] [0:1] [0:1] [0:1] [0:1] [0:1] none [0:1] [0:1] [0:1] [0:1]
tree_sizes=1676 1707 1712 1721 1701 1725 1749 1714 1725 1742 1724 1713 1725 1719 1697 1723 1739 1730 1727 1719 1716 1704 1777 1730 1711 1725 1730 1731 1733 1734 1723 1707 1728 1711 1721 1743 1749 1705 1723 1717 1731 1738 1723 1721 1734 1720 1716 1736 1722 1731 1707 1737 1723 1708 1735 1721 1726 1720 1714 1730 1729 1703 1727 1742 1740 1701 1713 1738 1718 1735 1717 1734 1710 1718 1678 1743 1743 1731 1741 1712 1745 1733 1722 1707 1700 1735 1719 1725 1732 1703 1729 1725 1700 1692 1727 1750 1729 1719 1741 1722 1730 1706 1713 1736 1734 1724 1705 1712 1729 1725 1700 1715 1707 1744 1729 1708 1712 1722 1737 1730

Tree=0
num_leaves=15
num_cat=0
split_feature=0 11 10 0 0 0 6 1 4 1 9 13 0 0
split_gain=242.726 97.8259 39.9072 27.2306 20.7957 20.3501 13.243 13.0266 11.2092 14.0564 14.6808 8.09355 6.15019 3.45579
threshold=6.494270359993858 1.0000000180025095e-35 1.0000000180025095e-35 5.3460466392979598 7.2868641661359987 7.4245082035363748 1.0000000180025095e-35 2.4237389820306152 1.0000000180025095e-35 0.59645685809869664 1.0000000180025095e-35 1.0000000180025095e-35 5.9485350739343916 7.7041336757759691
decision_type=2 2 2 2 2 2 2 2 2 2 2 2 2 2
left_child=2 4 7 -4 6 11 -2 12 9 10 13 -3 -1 -6
right_child=1 5 3 -5 8 -7 -8 -9 -10 -11 -12 -13 -14 -15
leaf_value=-1.370189922935301 -1.3312476919557756 -1.288357750376709 -1.3319457357601152 -1.2206358720747876 -1.2577024483520471 -1.1587549015412832 -1.2557976976531275 -1.3212517550967622 -1.3224156882411668 -1.3198876360169174 -1.3110048720760037 -1.2167909280662796 -1.3456293806094604 -1.2167909280662796
leaf_weight=113.80692414939404 31.899167060852051 4.8181033581495312 12.460612133145334 6.6456598043441764 9.4700652211904579 13.291319608688353 5.3165278434753409 14.620451569557188 7.9747917652130118 7.4763672798871985 6.4795183092355719 13.125178113579752 26.914922207593918 13.125178113579748
leaf_count=685 192 29 75 40 57 80 32 88 48 45 39 79 162 79
internal_value=-1.32056 -1.26921 -1.35381 -1.29281 -1.2953 -1.20168 -1.32029 -1.36137 -1.27462 -1.26412 -1.25005 -1.23517 -1.36556 -1.23302
internal_weight=287.425 112.976 174.449 19.1063 81.7416 31.2346 37.2157 155.342 44.5259 36.5511 29.0748 17.9433 140.722 22.5952
internal_count=1730 680 1050 115 492 188 224 935 268 220 175 108 847 136
is_linear=0
shrinkage=1


Tree=1
num_leaves=15
num_cat=0
split_feature=0 11 11 0 0 6 0 9 4 7 13 0 2 0
split_gain=227.816 78.8159 34.9291 16.0815 15.8554 13.6832 11.3074 9.75108 12.9817 7.69784 6.85862 5.32539 2.98543 2.70559
threshold=6.494270359993858 1.0000000180025095e-35 1.0000000180025095e-35 7.2868641661359987 5.1668203791242453 1.0000000180025095e-35 7.3756415458025453 1.0000000180025095e-35 1.0000000180025095e-35 1.0000000180025095e-35 1.0000000180025095e-35 5.9485350739343916 1.0000000180025095e-35 8.0136607673147662
decision_type=2 2 2 2 2 2 2 2 2 2 2 2 2 2
left_child=2 3 11 5 -4 -2 10 8 13 -6 -3 -1 -11 -5
right_child=1 6 4 7 9 -7 -8 -9 -10 12 -12 -13 -14 -15
leaf_value=-0.048401334169705844 -0.0091490008915994861 0.0319665458646591 -0.023934132259895591 0.055212326335145702 0.064285582060001609 0.065536575977668876 0.13651857497574757 -0.00372840583303246 0 -0.012490772747219934 0.097938710617303984 -0.02489600605770672 0.035117688945960381 0.089850220720456425
leaf_weight=108.11716715991497 31.240127876400948 4.9131317138671866 19.438506498932838 25.342478811740875 8.689066469669342 5.694086328148841 15.251030445098875 7.6853238344192496 7.9747917652130118 6.2517708837985992 12.516495168209078 25.745302304625511 4.2802464962005615 7.1486039757728568
leaf_count=669 189 29 118 147 50 33 84 46 48 38 71 157 26 41
internal_value=-0.000149638 0.0480393 -0.0330877 0.0250367 0.00446882 0.00253493 0.107274 0.0421217 0.0509157 0.0333754 0.0801711 -0.0439581 0.00673203 0.063474
internal_weight=290.288 117.766 172.522 85.0854 38.6596 36.9342 32.6807 48.1512 40.4659 19.2211 17.4296 133.862 10.532 32.4911
internal_count=1746 688 1058 504 232 222 184 282 236 114 100 826 64 188
is_linear=0
shrinkage=0.045


Tree=2
num_leaves=15
num_cat=0
split_feature=0 11 11 0 6 0 0 7 2 1 0 0 1 1
split_gain=197.52 67.4434 40.6961 20.6526 19.5752 17.6015 11.3861 11.3645 8.26756 6.39476 7.00505 5.97467 5.18679 4.73832
threshold=6.494270359993858 1.0000000180025095e-35 1.0000000180025095e-35 5.1071277636288182 1.0000000180025095e-35 7.2868641661359987 7.3756415458025453 1.0000000180025095e-35 1.0000000180025095e-35 0.49963924508134444 7.616370851042352 5.9485350739343916 3.3839142021814461 0.1809594626833621
decision_type=2 2 2 2 2 2 2 2 2 2 2 2 2 2
left_child=2 4 11 -4 5 -2 -3 -5 13 10 -10 -1 -9 -7
right_child=1 6 3 7 -6 8 -8 12 9 -11 -12 -13 -14 -15
leaf_value=-0.047209673106242786 -0.01142689332651714 0.071063776359738498 -0.022016113771158363 0.079598625128753167 0.074442225311423346 0.041157205531469135 0.12548925592195409 -0.024842105528525418 0.023624257700295505 0.0067322916424872002 0.089263878969007185 -0.02216577649502802 0.038569217968630581 -0.0040170949287949452
leaf_weight=105.16748428344727 30.909356415271759 17.821600735187531 19.811271607875824 8.957893967628479 12.697235792875288 7.1276704818010357 16.718042224645615 4.5534922778606415 5.3958976417779949 4.7978486567735663 10.211296603083609 25.207990691065788 5.5154126733541489 12.61746461689472
leaf_count=670 188 98 122 50 71 41 86 28 31 28 58 156 33 73
internal_value=0.000750104 0.0453316 -0.0304067 0.00989387 0.0233324 0.0139534 0.0981074 0.0432369 0.0335636 0.0535888 0.0674409 -0.0424433 0.00952898 0.0123137
internal_weight=287.51 118.296 169.214 38.8381 83.7568 71.0595 34.5396 19.0268 40.1502 20.405 15.6072 130.375 10.0689 19.7451
internal_count=1733 674 1059 233 490 419 184 111 231 117 89 826 61 114
is_linear=0
shrinkage=0.045


Tree=3
num_leaves=15
num_cat=0
split_feature=0 11 11 6 0 0 10 16 1 0 2 1 1 0
split_gain=180.854 62.3221 37.786 17.9132 19.0362 15.0371 11.1646 7.31852 8.3723 6.95499 5.46879 6.66373 4.33748 4.19705
threshold=6.494270359993858 1.0000000180025095e-35 1.0000000180025095e-35 1.0000000180025095e-35 7.2868641661359987 5.3460466392979598 1.0000000180025095e-35 1.0000000180025095e-35 0.37664883083357364 5.9737652335175797 1.0000000180025095e-35 0.15330571806573742 3.3839142021814461 7.5032580607321817
decision_type=2 2 2 2 2 2 2 2 2 2 2 2 2 2
left_child=2 3 9 4 -2 -4 12 -6 10 -1 11 -9 -7 -3
right_child=1 13 5 -5 7 6 -8 8 -10 -11 -12 -13 -14 -15
leaf_value=-0.046447397948973582 -0.013361827455766948 0.077379507971543665 -0.014709540303890253 0.070219044715506607 -0.018776965603339853 -0.022967521746272427 0.084206087272621563 0.066876937231236736 0.0088154277603076404 -0.019203846948569931 0.074763012470917919 0.0005053556451694402 0.036734618538000759 0.11283206920151294
leaf_weight=102.02914460003376 31.355978965759277 21.707951501011848 21.703252375125885 13.012789681553839 4.7525224834680548 4.3253871053457278 7.013114482164382 5.5809315741062164 12.735403671860693 24.559496343135834 12.945248559117317 6.8173860907554626 5.1223675012588501 14.404745995998381
leaf_count=669 192 114 134 70 27 27 37 31 74 154 71 39 30 70
internal_value=0.00140583 0.0425966 -0.0294113 0.0218434 0.0131316 0.00970385 0.0419526 0.0326034 0.0391982 -0.041236 0.0541011 0.0313262 0.00902575 0.0921884
internal_weight=288.066 123.313 164.753 87.2003 74.1875 38.1641 16.4609 42.8315 38.079 126.589 25.3436 12.3983 9.44775 36.1127
internal_count=1739 688 1051 504 434 228 94 242 215 823 141 70 57 184
is_linear=0
shrinkage=0.045


Tree=4
num_leaves=15
num_cat=0
split_feature=0 11 11 0 0 6 1 4 9 14 0 0 1 1
split_gain=172.504 49.9139 25.5914 16.1373 12.1027 10.5501 8.00781 8.14086 10.0572 6.71678 6.05965 4.90087 5.20671 5.61326
threshold=6.4397913603439259 1.0000000180025095e-35 1.0000000180025095e-35 7.2868641661359987 5.1071277636288182 1.0000000180025095e-35 0.54481442642517297 1.0000000180025095e-35 1.0000000180025095e-35 1.0000000180025095e-35 5.9485350739343916 7.5032580607321817 5.3217453425797929 3.3839142021814461
decision_type=2 2 2 2 2 2 2 2 2 2 2 2 2 2
left_child=2 3 10 5 -4 -2 7 8 -5 -6 -1 12 13 -3
right_child=1 11 4 6 9 -7 -8 -9 -10 -11 -12 -13 -14 -15
leaf_value=-0.046128265433610434 -0.011732779966326665 0.060350711690150591 -0.024179338480507306 0.070062490319282938 -0.010639888575546434 0.050983673772597209 0.0050813078095435522 0 0.0053770404682244892 0.043985014977081065 -0.0196232403247469 0.10434139438058557 0.034267989667819611 0.12036968771369534
leaf_weight=98.749374762177467 32.349607244133949 10.525537565350538 20.015989303588867 24.680517703294758 6.6886285692453393 6.3154340386390677 12.016362443566321 6.1703896820545188 6.2859232425689688 12.986896127462387 22.522599965333939 14.419007480144499 7.4095007628202429 5.5239147096872321
leaf_count=667 200 53 126 130 38 33 69 36 36 73 143 67 38 28
internal_value=-0.000185422 0.0392676 -0.0310327 0.020487 0.000223665 -0.00116343 0.0375447 0.0478448 0.057195 0.0252688 -0.0412832 0.082355 0.0678831 0.0825123
internal_weight=286.66 125.696 160.963 87.8182 39.6915 38.665 49.1532 37.1368 30.9664 19.6755 121.272 37.878 23.459 16.0495
internal_count=1737 690 1047 504 237 233 271 202 166 111 810 186 119 81
is_linear=0
shrinkage=0.045


Tree=5
num_leaves=15
num_cat=0
split_feature=0 11 11 0 6 0 7 3 13 0 0 0 0 0
split_gain=147.929 41.872 30.0583 13.9092 10.8617 10.6098 8.0131 6.63513 5.91174 5.17397 3.59386 3.37848 2.87466 2.86987
threshold=6.494270359993858 1.0000000180025095e-35 1.0000000180025095e-35 5.6947762164947626 1.0000000180025095e-35 7.3756415458025453 1.0000000180025095e-35 1.0000000180025095e-35 1.0000000180025095e-35 5.9915713707754561 8.0271053883027239 7.7197421282266152 6.1574965627045364 5.1071277636288182
decision_type=2 2 2 2 2 2 2 2 2 2 2 2 2 2
left_child=2 4 9 13 5 -2 -5 10 -3 -1 11 -7 -11 -4
right_child=1 8 3 6 -6 7 -8 -9 -10 12 -12 -13 -14 -15
leaf_value=-0.044663362407959463 -0.0055845419767130812 0.041866205948735788 -0.023143241614490159 0.082052220736488171 0.056527799431272792 0.024913852112742076 0.0090948546429566179 0.064062212649205988 0.085882399726370712 0.0014260510435666317 0.047961984997304433 -0.0074690482672170469 -0.031526382526147048 0.0077802678179787182
leaf_weight=97.425565525889397 35.292626261711121 9.2339306920766813 18.161237269639972 5.7858428359031659 13.192708581686018 14.365528434515001 6.6474592387676239 8.1622164696454984 28.735237181186676 7.7856536805629757 6.5272967666387549 11.391874983906744 15.284317567944525 8.6907310336828214
leaf_count=677 216 45 116 29 67 80 39 43 135 50 35 63 98 49
internal_value=-0.000135596 0.0360893 -0.0289435 0.00511994 0.0190505 0.0123315 0.0441633 0.0280257 0.0755712 -0.0400766 0.0184381 0.0104711 -0.0202955 -0.0129849
internal_weight=286.682 126.901 159.781 39.2853 88.9323 75.7395 12.4333 40.4469 37.9692 120.496 32.2847 25.7574 23.07 26.852
internal_count=1742 684 1058 233 504 437 68 221 180 825 178 143 148 165
is_linear=0
shrinkage=0.045


Tree=6
num_leaves=15
num_cat=0
split_feature=11 14 1 6 1 3 7 1 2 1 1 2 2 13
split_gain=79.6072 11.1869 9.48304 8.2897 6.25539 5.5455 4.69741 4.52639 4.45348 3.25751 3.44354 4.81174 2.792 2.57686
threshold=1.0000000180025095e-35 1.0000000180025095e-35 3.7674376002499108 1.0000000180025095e-35 5.5995879585675565 1.0000000180025095e-35 1.0000000180025095e-35 0.086554384275175547 1.0000000180025095e-35 0.98615419855867226 0.078766801361662628 1.0000000180025095e-35 1.0000000180025095e-35 1.0000000180025095e-35
decision_type=2 2 2 2 2 2 2 2 2 2 2 2 2 2
left_child=3 2 -2 5 6 9 -3 -7 -8 10 -1 -12 -9 -13
right_child=1 4 -4 -5 -6 7 8 12 -10 -11 11 13 -14 -15
leaf_value=-0.040412433322381237 -0.0096135823942356813 0.075508386827595572 0.044176700174228992 0.0043920948035272109 0.024889267436812922 0.038247716823176146 0.020533725266685912 -0.02250774003483583 0.069294750590589746 -0.042945293385512492 -0.027644685885190274 -0.023636755506920237 0.0057695032609175467 -0.0019208424382274316
leaf_weight=15.69317778944969 14.738389849662783 20.269077569246292 11.645627096295355 36.152529790997505 14.867817372083662 4.5315883159637442 9.7776781469583529 14.867102712392807 6.7265790402889243 15.414844304323195 49.900834202766418 15.483913362026213 12.83017897605896 39.570341616868973
leaf_count=104 79 103 60 224 78 27 53 95 36 102 327 100 81 251
internal_value=-0.000262328 0.0383337 0.0141133 -0.0150373 0.0505191 -0.0192381 0.0605691 -0.00228119 0.0412682 -0.0232124 -0.0205871 -0.0175087 -0.00930015 -0.0081733
internal_weight=282.47 78.0252 26.384 204.445 51.6412 168.292 36.7733 32.2289 16.5043 136.063 120.648 104.955 27.6973 55.0543
internal_count=1720 409 139 1311 270 1087 192 203 89 884 782 678 176 351
is_linear=0
shrinkage=0.045


Tree=7
num_leaves=15
num_cat=0
split_feature=0 10 1 0 2 0 9 2 0 0 5 14 0 0
split_gain=137.352 27.8493 23.5284 14.9748 8.13837 7.26178 5.38224 5.41075 5.24779 4.98118 3.68924 3.82785 6.1468 3.53863
threshold=6.494270359993858 1.0000000180025095e-35 2.4237389820306152 7.7041336757759691 1.0000000180025095e-35 5.9915713707754561 1.0000000180025095e-35 1.0000000180025095e-35 5.1071277636288182 6.1574965627045364 1.0000000180025095e-35 1.0000000180025095e-35 6.7951908456151333 7.9566157377404787
decision_type=2 2 2 2 2 2 2 2 2 2 2 2 2 2
left_child=2 3 5 6 13 -1 7 -2 -4 -7 11 -9 -13 -5
right_child=1 -3 8 4 -6 9 -8 10 -10 -11 -12 12 -14 -15
leaf_value=-0.042736595590791786 0.004688779399987744 0.08207213613363798 -0.013498881676826049 0.0040681246173010438 0.071599866354366493 0.01299358886521384 -0.015886618741086052 0.011862609246053764 0.027695820372832212 -0.030087829922945335 -0.0010545763369417182 0.093193965547909235 0.031963580577877848 0.043858118494953434
leaf_weight=105.3901921659708 33.085862949490547 19.677963972091675 10.746774047613146 8.1417284458875674 16.212092027068138 8.2941420078277606 11.226695686578749 8.0844715982675606 14.211619347333906 14.529841810464857 5.6188853234052649 4.8415009379386929 12.089162826538084 10.954791396856306
leaf_count=746 181 89 68 43 81 52 69 45 77 95 33 27 66 57
internal_value=-0.00108716 0.032901 -0.0299533 0.0239517 0.0480804 -0.0377325 0.0124267 0.0175196 0.00981273 -0.0142599 0.0311112 0.0384657 0.0506194 0.027345
internal_weight=283.106 129.933 153.173 110.255 35.3086 128.214 74.9466 63.7199 24.9584 22.824 30.634 25.0151 16.9307 19.0965
internal_count=1729 691 1038 602 181 893 421 352 145 147 171 138 93 100
is_linear=0
shrinkage=0.045


Tree=8
num_leaves=15
num_cat=0
split_feature=0 11 11 0 0 6 3 0 0 0 7 14 0 2
split_gain=132.025 28.8225 24.9295 11.8651 9.56176 9.35137 8.99323 6.62435 4.91555 4.59287 3.8085 3.72808 7.42593 3.43216
threshold=6.494270359993858 1.0000000180025095e-35 1.0000000180025095e-35 5.7672409043120805 7.2868641661359987 1.0000000180025095e-35 1.0000000180025095e-35 5.9485350739343916 8.0005194195719227 6.9346256772308026 1.0000000180025095e-35 1.0000000180025095e-35 5.1071277636288182 1.0000000180025095e-35
decision_type=2 2 2 2 2 2 2 2 2 2 2 2 2 2
left_child=2 4 7 11 5 -2 8 -1 13 -3 -5 -4 -13 -6
right_child=1 9 3 10 6 -7 -8 -9 -10 -11 -12 12 -14 -15
leaf_value=-0.044310208761729822 -0.009310411919498187 0.03942334250538438 -0.036069868872147345 0.068080033530376588 -0.00076121905237784451 0.048670434610046928 0.070460038835635938 -0.017037626445187075 0.050210355822311585 0.074863083284701273 0.01555647060816699 -0.02189431258476417 0.037380900271569074 0.027499508842849952
leaf_weight=89.004577085375786 29.864447981119156 11.847742721438406 9.3851781636476534 5.2857771068811399 16.283145397901535 6.7257656902074805 9.6976745724678022 23.784440249204636 9.879546642303465 29.090711459517479 6.6064283102750778 12.192515701055529 6.3300297111272803 17.754401534795761
leaf_count=663 187 55 59 25 91 33 49 158 50 128 38 78 34 94
internal_value=0.000576483 0.0336758 -0.0278483 0.00265982 0.0193169 0.00143157 0.0313887 -0.0386393 0.0223788 0.0649576 0.0400139 -0.0132691 -0.0012139 0.013923
internal_weight=283.732 131.143 152.589 39.7999 90.205 36.5902 53.6148 112.789 43.9171 40.9385 11.8922 27.9077 18.5225 34.0375
internal_count=1742 687 1055 234 504 220 284 821 235 183 63 171 112 185
is_linear=0
shrinkage=0.045


Tree=9
num_leaves=15
num_cat=0
split_feature=0 11 11 0 0 0 0 6 1 13 14 16 3 6
split_gain=109.567 27.7848 23.5405 13.8346 10.5642 8.40715 7.25933 6.84538 6.3873 6.34224 6.03987 6.01293 7.59164 5.59379
threshold=6.4397913603439259 1.0000000180025095e-35 1.0000000180025095e-35 7.2868641661359987 5.1071277636288182 7.3756415458025453 5.9485350739343916 1.0000000180025095e-35 0.59645685809869664 1.0000000180025095e-35 1.0000000180025095e-35 1.0000000180025095e-35 1.0000000180025095e-35 1.0000000180025095e-35
decision_type=2 2 2 2 2 2 2 2 2 2 2 2 2 2
left_child=2 3 6 7 -4 9 -1 -2 11 -3 -6 -5 -13 -8
right_child=1 5 4 8 10 -7 13 -9 -10 -11 -12 12 -14 -15
leaf_value=-0.043490645372192292 -0.013752117737355671 0.00088127495703508945 -0.021923749324260063 -0.0063308457013947061 -0.0080658441890472735 0.082030110354253921 -0.024752853821487227 0.035833837401241964 -0.00077479936968148926 0.055371950697094566 0.042381499435555026 0.034401673851892883 0.087282457468585095 0.033458241605422011
leaf_weight=84.891497164964676 31.057819992303848 6.2018837928771982 17.71465989947319 5.0729266703128806 7.053836017847062 19.757051423192024 16.664224609732631 6.6550395190715781 10.103930503129957 15.573963612318039 13.701913267374039 29.910815238952637 6.9602395892143241 3.9307640045881262
leaf_count=652 197 30 116 27 39 83 112 32 56 70 71 155 33 26
internal_value=0.000397178 0.0301185 -0.0266827 0.0159041 0.00333379 0.0605076 -0.0376577 -0.00474031 0.0309096 0.0402067 0.0251089 0.0386163 0.0449225 -0.0132113
internal_weight=275.251 131.294 143.957 89.7608 38.4704 41.5329 105.486 37.7129 52.0479 21.7758 20.7557 41.944 36.8711 20.595
internal_count=1699 683 1016 500 226 183 790 229 271 100 110 215 188 138
is_linear=0
shrinkage=0.045


Tree=10
num_leaves=15
num_cat=0
split_feature=0 10 10 9 0 2 0 0 4 6 1 1 13 1
split_gain=107.968 20.3232 19.1818 10.6481 10.4021 8.3567 6.74059 5.96451 5.69128 5.09245 4.96886 5.93165 5.26829 4.91384
threshold=6.494270359993858 1.0000000180025095e-35 1.0000000180025095e-35 1.0000000180025095e-35 5.721075563957819 1.0000000180025095e-35 7.9926308551386782 5.8313547596408082 1.0000000180025095e-35 1.0000000180025095e-35 0.45338345269622399 1.3733543031536319 1.0000000180025095e-35 1.5295070471476684
decision_type=2 2 2 2 2 2 2 2 2 2 2 2 2 2
left_child=1 7 3 5 -3 6 8 -1 10 13 12 -12 -2 -9
right_child=2 4 -4 -5 -6 -7 -8 9 -10 -11 11 -13 -14 -15
leaf_value=-0.038640618496847551 -0.0076721211167122827 -0.0065656259207504241 0.070079526456499563 -0.012154487700395091 0.061656161298205295 0.04257391398733 0.05191592807129896 -0.032982613842485506 -0.028980639801964327 0.024737032970145605 -0.032828491255344025 0.019242560284008097 0.048851008914397455 0.01049774769142011
leaf_weight=92.326848283410072 4.3881741613149652 13.390839934349062 20.592784017324448 15.052188932895659 6.5407302081584922 44.090582504868507 8.3253485411405546 23.590229168534282 6.8575343042612067 4.9452467262744895 7.0102966427803066 11.272670507431028 11.742654919624329 6.470689818263053
leaf_count=708 24 82 88 90 30 227 40 166 42 33 39 52 63 38
internal_value=0.00033039 -0.0259844 0.0303224 0.0226372 0.0159886 0.0282889 0.0153793 -0.0326045 0.00768575 -0.0164278 0.0152474 -0.000618927 0.0332935 -0.0234671
internal_weight=276.597 147.265 129.332 108.739 19.9316 93.6873 49.5967 127.333 41.2713 35.0062 34.4138 18.283 16.1308 30.0609
internal_count=1722 1057 665 577 112 487 260 945 220 237 178 91 87 204
is_linear=0
shrinkage=0.045


Tree=11
num_leaves=15
num_cat=0
split_feature=0 10 1 0 1 10 7 1 2 1 1 2 1 1
split_gain=95.2814 24.173 14.0017 9.80863 6.99618 6.33448 6.15124 5.58992 5.06739 4.49559 4.36466 4.22642 3.96746 5.37343
threshold=6.2924217329520831 1.0000000180025095e-35 2.4237389820306152 7.7041336757759691 0.20406220225542557 1.0000000180025095e-35 1.0000000180025095e-35 0.55971682795658151 1.0000000180025095e-35 4.6547528933336624 9.3949726061830372 1.0000000180025095e-35 0.31133753715810381 2.5328513050177177
decision_type=2 2 2 2 2 2 2 2 2 2 2 2 2 2
left_child=2 3 5 4 -2 -1 7 11 12 -4 -11 -5 -6 -14
right_child=1 -3 9 6 8 -7 -8 -9 -10 10 -12 -13 13 -15
leaf_value=-0.037759119250891947 -0.01153919477774501 0.067132925161804455 0.025516194770380106 0.017591807803519929 0.034849758034489579 0.0041154201062391484 0.0765497878952313 -0.0073796969544836274 0.029753600848049913 -0.036950748369461536 0.018056174357475935 0.0570570806886617 -0.01982723519236871 0.026407859364304807
leaf_weight=100.77433639019728 25.022644102573395 22.995173245668411 10.517840996384622 11.595282539725307 6.1436714082956341 7.6395525336265555 6.3118324577808371 6.9802996665239325 29.706590846180916 6.974562540650366 4.6438536792993546 11.577786982059479 15.998844608664514 7.1809234619140616
leaf_count=791 147 97 62 58 36 44 26 38 164 42 28 54 92 34
internal_value=-0.000298457 0.0249751 -0.0281117 0.0167961 0.00823228 -0.0347648 0.0362605 0.0272299 0.0167 0.00429054 -0.0146504 0.0378216 0.0032114 -0.00520809
internal_weight=274.063 143.513 130.55 120.518 84.0527 108.414 36.4652 30.1534 59.03 22.1363 11.6184 23.1731 29.3234 23.1798
internal_count=1713 746 967 649 473 835 176 150 326 132 70 112 162 126
is_linear=0
shrinkage=0.045


Tree=12
num_leaves=15
num_cat=0
split_feature=0 1 10 0 0 9 2 6 5 1 0 10 4 1
split_gain=81.8261 18.4062 17.0198 7.86755 7.86594 5.9383 7.13764 5.10496 4.47825 5.38861 5.00653 4.41675 3.76675 4.0098
threshold=6.5924450451070937 2.4237389820306152 1.0000000180025095e-35 5.9485350739343916 8.0271053883027239 1.0000000180025095e-35 1.0000000180025095e-35 1.0000000180025095e-35 1.0000000180025095e-35 0.15493418452797766 7.5569551863189988 1.0000000180025095e-35 1.0000000180025095e-35 0.30617662046660005
decision_type=2 2 2 2 2 2 2 2 2 2 2 2 2 2
left_child=1 3 4 11 5 6 12 -5 9 -8 -11 -1 13 -2
right_child=2 -3 -4 7 -6 -7 8 -9 -10 10 -12 -13 -14 -15
leaf_value=-0.041091119375639071 0.029827573345815091 0.0083947076096506142 0.064072374632701684 -0.019265650699157245 0.050988568160229571 -0.013736716090752292 0.004738585025227466 0.031936797736858168 0.0010682069677934859 0.02929897153939855 0.072253169552119467 -0.0016655912640610466 -0.024058170371035061 -0.0015040964038417724
leaf_weight=84.256470821797848 13.66150116920471 28.25028033554554 19.272262766957283 24.535040929913524 12.828474044799803 13.604907393455504 7.2513709068298366 4.4502394050359717 7.9348911494016638 12.708318427205088 11.021581426262854 6.4495635628700247 7.2344443798065177 19.840607240796089
leaf_count=695 72 162 80 163 60 82 37 28 43 67 51 39 45 99
internal_value=-0.00143666 -0.0241031 0.0252731 -0.0318122 0.018075 0.0133998 0.0181139 -0.0110851 0.0318665 0.0395527 0.0498746 -0.0383471 0.00477453 0.01124
internal_weight=273.3 147.942 125.358 119.691 106.086 93.2576 79.6527 28.9853 38.9162 30.9813 23.7299 90.706 40.7366 33.5021
internal_count=1723 1087 636 925 556 496 414 191 198 155 118 734 216 171
is_linear=0
shrinkage=0.045


Tree=13
num_leaves=15
num_cat=0
split_feature=0 11 0 1 4 1 6 2 0 1 13 1 1 3
split_gain=77.1508 27.8523 16.2903 8.89471 7.34167 6.91841 5.648 6.11482 5.27035 4.5165 4.30677 4.71325 5.93071 4.02188
threshold=5.7672409043120805 1.0000000180025095e-35 7.2868641661359987 2.4237389820306152 1.0000000180025095e-35 0.46178036346533063 1.0000000180025095e-35 1.0000000180025095e-35 7.3756415458025453 0.88852334041604064 1.0000000180025095e-35 3.466972669629544 6.1299635965894375 1.0000000180025095e-35
decision_type=2 2 2 2 2 2 2 2 2 2 2 2 2 2
left_child=3 2 6 -1 5 13 -2 -8 10 -7 -3 -12 -13 -4
right_child=1 8 4 -5 -6 9 7 -9 -10 -11 11 12 -14 -15
leaf_value=-0.03846544776422145 -0.015945045749031529 0.0069938241309161287 0.031044607360556201 -0.0026825993503883667 -0.013547029893886156 -0.019786321899690585 -0.0072878954056549107 0.059411751311246527 0.063068124886561466 0.033654729518378813 0.02137350944824401 0.095239072177823722 0.033038702970892529 0.067830630063950514
leaf_weight=81.07717327773571 54.174470067024231 9.8539141416549665 26.31148099899292 17.381508804857731 9.0653800219297391 7.7153878360986692 6.840443402528761 4.3427478820085526 19.452540576457977 5.1643434017896652 12.290510639548303 5.8230800032615644 7.7837333083152771 8.4572885036468488
leaf_count=677 368 47 128 107 51 40 38 24 79 28 56 26 35 38
internal_value=-0.000294071 0.0174243 0.00536304 -0.0322123 0.0229938 0.0300675 -0.00989085 0.0188069 0.0438984 0.00148467 0.0330499 0.0426623 0.0609775 0.040458
internal_weight=275.734 177.275 122.072 98.4587 56.7139 47.6485 65.3577 11.1832 55.2038 12.8797 35.7512 25.8973 13.6068 34.7688
internal_count=1742 958 715 784 285 234 430 62 243 68 164 117 61 166
is_linear=0
shrinkage=0.045


Tree=14
num_leaves=15
num_cat=0
split_feature=0 11 11 0 6 3 0 0 0 7 1 1 0 0
split_gain=77.4482 17.9119 14.9897 7.12634 7.11922 6.02084 6.1127 5.5799 4.88166 4.57265 4.39294 4.35238 4.57076 3.57781
threshold=6.4397913603439259 1.0000000180025095e-35 1.0000000180025095e-35 5.1071277636288182 1.0000000180025095e-35 1.0000000180025095e-35 8.0576131402669002 6.9346256772308026 5.9485350739343916 1.0000000180025095e-35 4.9897837129372844 0.34464552166311574 7.2868641661359987 4.3135770659965411
decision_type=2 2 2 2 2 2 2 2 2 2 2 2 2 2
left_child=1 8 4 13 5 6 -2 -4 -1 -5 -9 12 -7 -3
right_child=2 3 7 9 -6 11 -8 10 -10 -11 -12 -13 -14 -15
leaf_value=-0.039655420692022408 -0.0032735854503219337 0.0055746827724800028 0.020276992957648565 0.039317050603153478 0.04169275470897274 0.0075598768527720388 0.043527716763919137 0.068716014636554204 -0.01424685201979819 -0.0017594309803060533 0.031006483919173974 0 0.068359217894942592 -0.036037313296252781
leaf_weight=75.449934676289558 55.254117473959923 6.6067918986082104 13.246223151683806 10.945055767893791 15.311185359954832 4.1017284691333789 6.0852918773889533 20.262798801064495 20.340443357825279 10.385789558291435 10.557145848870276 5.9628333300352088 7.3209983557462692 10.280241832137106
leaf_count=666 321 45 58 51 71 25 29 83 143 60 44 33 32 71
internal_value=0.000364485 -0.023972 0.0240125 0.00196085 0.0137439 0.00815929 0.00142268 0.0456627 -0.0343479 0.0192777 0.0562272 0.0313849 0.04742 -0.0196192
internal_weight=272.111 134.008 138.102 38.2179 94.0362 78.725 61.3394 44.0662 95.7904 21.3308 30.8199 17.3856 11.4227 16.887
internal_count=1732 1036 696 227 511 440 350 185 809 111 127 90 57 116
is_linear=0
shrinkage=0.045


Tree=15
num_leaves=15
num_cat=0
split_feature=0 11 11 0 16 0 6 4 0 0 14 0 0 0
split_gain=68.2083 16.0117 15.549 6.07314 5.88515 5.5828 6.36346 6.11958 5.225 4.02328 3.84959 3.44298 3.27694 3.09416
threshold=6.494270359993858 1.0000000180025095e-35 1.0000000180025095e-35 5.3460466392979598 1.0000000180025095e-35 7.2868641661359987 1.0000000180025095e-35 1.0000000180025095e-35 5.9485350739343916 7.5032580607321817 1.0000000180025095e-35 7.4128764848277173 7.5569551863189988 5.9191642435337135
decision_type=2 2 2 2 2 2 2 2 2 2 2 2 2 2
left_child=2 4 8 -4 -2 6 -6 11 -1 -3 -5 -7 -13 -12
right_child=1 9 3 10 5 7 -8 -9 -10 -11 13 12 -14 -15
leaf_value=-0.038670171440791469 -0.020554179036646161 0.031739995911764532 -0.015749749268348854 -0.011257797584693537 -0.0092012378380471761 0.066310652249551225 0.041026654270801932 -0.013381607807067703 -0.013268585514249431 0.060526840912600723 0.05303013865044643 -0.0050078764864176046 0.031766209370428664 0.0079204076227503591
leaf_weight=74.73756404966116 10.325697198510168 25.355448365211487 21.732888869941235 5.5693654865026483 26.046990841627121 5.0533656030893317 6.1391548961400977 7.0042622983455649 22.110954970121384 18.437673255801201 6.838727667927742 5.5301945209503165 30.703774929046631 6.0943168103694916
leaf_count=680 57 108 146 31 165 25 28 39 157 74 35 28 146 30
internal_value=-0.000863512 0.021858 -0.0232049 0.000203545 0.0109685 0.0151097 0.00043443 0.0247558 -0.0329565 0.0441821 0.0191509 0.0313675 0.0260334 0.0325605
internal_weight=271.68 134.597 137.084 40.2353 90.8034 80.4777 32.1861 48.2916 96.8485 43.7931 18.5024 41.2873 36.234 12.933
internal_count=1749 670 1079 242 488 431 193 238 837 182 96 199 174 65
is_linear=0
shrinkage=0.045


Tree=16
num_leaves=15
num_cat=0
split_feature=11 14 6 3 1 1 2 1 7 13 1 1 1 2
split_gain=29.4847 8.42946 7.27199 9.03531 6.67233 5.99771 3.72805 4.52654 3.68629 4.18503 3.35649 3.24432 4.79309 2.66396
threshold=1.0000000180025095e-35 1.0000000180025095e-35 1.0000000180025095e-35 1.0000000180025095e-35 5.5995879585675565 3.7674376002499108 1.0000000180025095e-35 0.20146825391235304 1.0000000180025095e-35 1.0000000180025095e-35 0.77761488650647326 0.14699701994076456 0.45338345269622399 1.0000000180025095e-35
decision_type=2 2 2 2 2 2 2 2 2 2 2 2 2 2
left_child=2 5 3 13 8 -2 7 -5 -3 -10 -9 -4 -13 -1
right_child=1 4 11 6 -6 -7 -8 10 9 -11 -12 12 -14 -15
leaf_value=-0.026051811844525326 -0.015604161628357588 0.056052250479427801 -0.012922738588820201 0.02225901011178125 0.0073709640906987626 0.025635935405017986 0.024137690331443765 -0.042568287136929679 -0.0076623466988270201 0.040044167225559493 0.01098215059556585 0.034355189814498206 -0.0062144221622600889 -0.012490123972762147
leaf_weight=58.095289915800095 15.665783390402796 21.046038165688515 8.954731456935404 6.4370382428169277 15.177002400159834 12.739689111709593 14.906870894134046 6.9598652869462949 4.841696411371232 13.440300866961479 3.2658346369862556 14.630720533430578 9.4270777702331525 64.427820958197117
leaf_count=439 85 98 62 42 76 61 100 49 27 67 23 97 61 457
internal_value=0.000544363 0.0228667 -0.00933699 -0.0134533 0.033202 0.00278439 0.00787413 -0.00652249 0.0429688 0.0272202 -0.0251514 0.00970662 0.0183523 -0.0189891
internal_weight=270.016 82.9105 187.105 154.093 54.505 28.4055 31.5696 16.6627 39.328 18.282 10.2257 33.0125 24.0578 122.523
internal_count=1744 414 1330 1110 268 146 214 114 192 94 72 220 158 896
is_linear=0
shrinkage=0.045


Tree=17
num_leaves=15
num_cat=0
split_feature=0 11 11 0 0 0 0 13 1 0 6 3 1 1
split_gain=69.9552 14.6442 13.3877 6.03651 6.01112 5.06279 4.12555 3.20629 3.65362 3.13609 3.09507 3.73916 4.33626 2.86214
threshold=6.4254097416193616 1.0000000180025095e-35 1.0000000180025095e-35 5.1071277636288182 7.5032580607321817 8.0005194195719227 5.9485350739343916 1.0000000180025095e-35 3.466972669629544 4.7223608374029871 1.0000000180025095e-35 1.0000000180025095e-35 0.27167195734131222 2.4237389820306152
decision_type=2 2 2 2 2 2 2 2 2 2 2 2 2 2
left_child=2 5 6 9 7 10 -1 -3 -9 13 11 -2 -13 -4
right_child=1 4 3 -5 -6 -7 -8 8 -10 -11 -12 12 -14 -15
leaf_value=-0.039382037956220244 -0.0022509577764100491 7.437060920737207e-05 -0.033990566468743696 0.013863268543690568 0.062902855763438889 0.036626483020963725 -0.014845861989924105 0.017313458899392942 0.056276176298065222 -0.051306621820212124 0.027285304864753668 0.043755898214465558 -0.0040262241940637183 0.0097900862234877734
leaf_weight=69.676748067140579 54.588198900222778 6.4579117149114635 5.0149850770831126 20.834512323141098 17.941799506545067 13.608318760991095 18.543061293661594 10.501865074038507 10.182557016611097 5.0447701439261428 12.718802362680433 8.5056881308555585 6.5487661957740775 6.8114935457706451
leaf_count=657 323 29 36 107 72 62 134 44 42 36 58 43 37 45
internal_value=-0.000368042 0.0213652 -0.0247432 -0.00215275 0.0425037 0.0113203 -0.0343209 0.0284933 0.0370648 -0.0221254 0.00700594 0.00317037 0.0228952 -0.00865733
internal_weight=266.979 141.054 125.926 37.7058 45.0841 95.9698 88.2198 27.1423 20.6844 16.8712 82.3615 69.6427 15.0545 11.8265
internal_count=1725 710 1015 224 187 523 791 115 86 117 461 403 80 81
is_linear=0
shrinkage=0.045


Tree=18
num_leaves=15
num_cat=0
split_feature=0 1 10 0 2 0 14 0 2 0 4 1 1 1
split_gain=58.9184 16.699 11.3788 6.16683 5.56157 5.55438 4.49511 3.43963 3.37306 3.30424 2.44778 2.42722 2.11935 1.98263
threshold=6.5699432387845755 2.4237389820306152 1.0000000180025095e-35 5.8313547596408082 1.0000000180025095e-35 7.9033937470127222 1.0000000180025095e-35 6.6997832210287909 1.0000000180025095e-35 7.3756415458025453 1.0000000180025095e-35 0.21350167152735067 0.41165948223939913 5.5995879585675565
decision_type=2 2 2 2 2 2 2 2 2 2 2 2 2 2
left_child=1 3 5 -1 -5 6 10 -8 -7 -9 12 -6 -2 -3
right_child=2 13 -4 4 11 8 7 9 -10 -11 -12 -13 -14 -15
leaf_value=-0.036995021816453234 0.01186263541888264 0.018252720930425806 0.050908755922034664 -0.031705729549537133 -0.01937425969280842 0.017900330481543002 0.050176272902821985 0.0023773368069020767 0.052406926358418676 0.026330441630702969 -0.034577227967896543 0.016672454195107479 -0.014492707223112963 -0.0054184717999431553
leaf_weight=74.247737184166908 14.389705687761312 17.27845082432032 21.164585918188095 16.524578645825386 5.3584447130560902 13.857272669672966 5.5138563811779013 27.78710350394249 10.809425547719002 20.551719427108765 4.5398686081171027 11.351384326815603 10.493143573403357 11.624209292232988
leaf_count=692 76 97 86 124 40 65 31 154 47 101 28 75 52 67
internal_value=-0.00096545 -0.0215917 0.0207885 -0.0297548 -0.0133206 0.0147579 0.00908465 0.0168102 0.0335026 0.0127205 -0.00492162 0.00475458 0.000542194 0.00860609
internal_weight=265.491 136.385 129.107 107.482 33.2344 107.942 83.2754 53.8527 24.6667 48.3388 29.4227 16.7098 24.8828 28.9027
internal_count=1735 1095 640 931 239 554 442 286 112 255 156 115 128 164
is_linear=0
shrinkage=0.045


Tree=19
num_leaves=15
num_cat=0
split_feature=0 11 1 0 6 0 13 1 4 7 1 0 1 0
split_gain=56.982 13.6636 12.0269 7.83477 8.36864 4.61037 3.43819 5.31585 3.33187 3.24475 4.40225 2.88869 2.40284 2.33168
threshold=5.9485350739343916 1.0000000180025095e-35 1.5826356509226325 7.2868641661359987 1.0000000180025095e-35 7.5032580607321817 1.0000000180025095e-35 0.54481442642517297 1.0000000180025095e-35 1.0000000180025095e-35 5.8738152306262306 5.7672409043120805 0.84053025701417072 7.6603753272663697
decision_type=2 2 2 2 2 2 2 2 2 2 2 2 2 2
left_child=2 3 -1 4 -2 9 13 8 -8 -3 -11 -4 -9 -5
right_child=1 5 11 6 -6 -7 7 12 -10 10 -12 -13 -14 -15
leaf_value=-0.035649137414721692 -0.011502567880080014 0.039725769247240063 -0.0060792006796366394 -0.023398908800308479 0.031439784295699345 0.054571351053307605 0.042192501889848827 -0.023531921957664841 0.0015479871450092889 0.026232374168497753 -0.021955367849205629 0.035085857270557338 0.021177725929449248 0.014408597601006951
leaf_weight=70.114836037158966 46.700989939272404 17.920589298009872 21.535145826637748 4.8243108242750159 11.207750067114828 18.352252587676048 26.685962066054348 4.9930828958749753 5.1076854765415183 12.87271222472191 5.1665906012058249 3.9009918868541709 4.3448100388050079 9.377876013517378
leaf_count=681 319 74 144 25 58 74 122 26 29 58 24 20 24 45
internal_value=0.00162448 0.017449 -0.0260562 0.00846917 -0.00303439 0.0359898 0.0205567 0.0271257 0.0358541 0.0261327 0.0120949 0.00028298 -0.00224939 0.0011068
internal_weight=263.106 167.555 95.551 113.242 57.9087 54.3121 55.3337 41.1315 31.7936 35.9599 18.0393 25.4361 9.33789 14.2022
internal_count=1723 878 845 648 377 230 271 201 151 156 82 164 50 70
is_linear=0
shrinkage=0.045


Tree=20
num_leaves=15
num_cat=0
split_feature=0 11 11 0 9 1 0 0 4 0 13 1 5 1
split_gain=54.013 14.295 12.9511 7.97926 4.82762 3.44602 3.42279 4.49255 3.28592 4.27661 3.16401 6.82217 3.13731 5.54461
threshold=6.494270359993858 1.0000000180025095e-35 1.0000000180025095e-35 5.1071277636288182 1.0000000180025095e-35 0.59645685809869664 5.9485350739343916 6.1574965627045364 1.0000000180025095e-35 7.2868641661359987 1.0000000180025095e-35 3.5216125711955826 1.0000000180025095e-35 0.15493418452797766
decision_type=2 2 2 2 2 2 2 2 2 2 2 2 2 2
left_child=1 6 4 -3 5 8 -1 -8 9 -2 11 -4 13 -11
right_child=2 3 10 -5 -6 -7 7 -9 -10 12 -12 -13 -14 -15
leaf_value=-0.03645233270261472 0.0072745814872802244 -0.022083200536407371 0.0510986319788614 0.018185301537894522 -0.012824035457443653 -0.0040965794516842676 0.010332739122718208 -0.031639505407352969 -0.00116784914754095 0.017086074457437529 0.047200415503113366 -0.015447252766875013 0.008843947789154533 0.062642695646884669
leaf_weight=64.661508537828922 18.675102666020393 17.041746713221073 6.2306152582168561 23.374616846442223 15.072586238384245 15.230953112244604 8.279360733926298 12.679513104259966 12.051580891013144 10.070139512419706 32.598986685276031 5.7753969728946686 7.5845805257558814 12.990839481353758
leaf_count=663 107 122 26 119 90 84 60 94 73 44 133 25 35 57
internal_value=0.000315025 -0.0208836 0.019955 0.00106998 0.010172 0.014777 -0.0312774 -0.0149056 0.0195321 0.0246653 0.0398263 0.01899 0.0350012 0.0432607
internal_weight=262.318 126.037 136.281 40.4164 91.6758 76.6032 85.6204 20.9589 61.3722 49.3207 44.605 12.006 30.6456 23.061
internal_count=1732 1058 674 241 490 400 817 154 316 243 184 51 136 101
is_linear=0
shrinkage=0.045


Tree=21
num_leaves=15
num_cat=0
split_feature=0 11 11 0 6 3 0 0 1 1 1 1 0 14
split_gain=54.3907 15.3721 9.83219 6.68081 6.20537 6.35746 3.99758 3.97438 4.7382 3.49631 3.40985 3.51102 3.11243 2.97065
threshold=6.2924217329520831 1.0000000180025095e-35 1.0000000180025095e-35 5.1071277636288182 1.0000000180025095e-35 1.0000000180025095e-35 6.6757372251177873 7.3756415458025453 5.3217453425797929 1.1360207627664616 3.466972669629544 1.8417466426033959 7.783014624314319 1.0000000180025095e-35
decision_type=2 2 2 2 2 2 2 2 2 2 2 2 2 2
left_child=1 -1 4 -3 5 6 -2 8 10 -8 11 -4 -7 -5
right_child=2 3 7 13 -6 12 9 -9 -10 -11 -12 -13 -14 -15
leaf_value=-0.035264781592912138 -0.027323094881000858 -0.020305411614692969 0.044260935011968115 -0.0068409605596203614 0.035121931229056942 0.014119866877956719 0.0063793901444366419 0.050205372694681158 -0.0025564377669913619 -0.034604556646552861 0.065121135904883262 -0.0022176565336926995 0.053753375806332243 0.030789416724987133
leaf_weight=75.4592040553689 10.355990692973135 16.202333092689514 6.5972071141004616 5.9148101359605798 16.202830642461777 12.988802351057531 50.16445879638195 19.929133281111717 9.3378630727529508 4.3826293349266043 5.7018564343452445 6.0069191306829453 6.0972615927457801 12.99572928249836
leaf_count=757 74 117 28 33 73 73 280 81 40 26 24 25 26 64
internal_value=0 -0.0238436 0.0178538 0.000634372 0.0097579 0.00473951 -0.0019309 0.034698 0.0230765 0.00288992 0.0362813 0.0220699 0.0274407 0.0188356
internal_weight=258.337 110.572 147.765 35.1129 100.192 83.9891 64.9031 47.573 27.6438 54.5471 18.306 12.6041 19.0861 18.9105
internal_count=1721 971 750 214 552 479 380 198 117 306 77 53 99 97
is_linear=0
shrinkage=0.045


Tree=22
num_leaves=15
num_cat=0
split_feature=11 13 14 7 6 2 3 2 13 16 9 2 13 14
split_gain=18.9201 6.70723 5.57295 5.04477 4.87229 3.67118 4.08219 2.4171 2.26741 2.58182 1.31019 1.30973 1.25721 0.986987
threshold=1.0000000180025095e-35 1.0000000180025095e-35 1.0000000180025095e-35 1.0000000180025095e-35 1.0000000180025095e-35 1.0000000180025095e-35 1.0000000180025095e-35 1.0000000180025095e-35 1.0000000180025095e-35 1.0000000180025095e-35 1.0000000180025095e-35 1.0000000180025095e-35 1.0000000180025095e-35 1.0000000180025095e-35
decision_type=2 2 2 2 2 2 2 2 2 2 2 2 2 2
left_child=4 3 -3 -2 5 10 8 -6 -7 -10 -1 -5 -9 -11
right_child=1 2 -4 11 7 6 -8 12 9 13 -12 -13 -14 -15
leaf_value=-0.014801868914579921 0.020528917815523493 0.0061680689917202429 0.035917822740540249 -0.031670383778564327 -0.0012938163202758752 -0.023123064182780824 0.016302257162908874 0.044890973102463573 -0.0284859856887269 -0.007884040070347445 -0.030630593408202494 -0.0011771313124090018 0.012913113393327945 0.0074482760335559048
leaf_weight=55.607376627624035 11.048062585294247 19.137322895228863 41.189427420496941 7.9409023150801659 18.521963231265545 16.873235277831554 15.847316130995749 3.9593793824315062 6.7884766682982436 13.630035206675528 14.288620024919508 4.9021970331668854 8.4379976019263285 21.516572132706642
leaf_count=436 53 100 199 43 121 133 106 24 50 98 121 28 63 162
internal_value=0.00111057 0.0186331 0.0266063 -0.00136651 -0.00728547 -0.0107659 -0.00373435 0.00880608 -0.00924691 -0.00347357 -0.01818 -0.0205727 0.0240337 0.00136405
internal_weight=259.689 84.2179 60.3268 23.8912 175.471 144.552 74.6556 30.9193 58.8083 41.9351 69.896 12.8431 12.3974 35.1466
internal_count=1737 423 299 124 1314 1106 549 208 443 310 557 71 87 260
is_linear=0
shrinkage=0.045


Tree=23
num_leaves=15
num_cat=0
split_feature=0 11 11 0 0 3 0 14 2 0 2 0 0 6
split_gain=40.3657 12.6116 9.13047 6.73134 3.64106 3.3508 2.86071 3.32815 2.8106 2.75465 3.55992 3.21826 2.16332 2.14921
threshold=6.4397913603439259 1.0000000180025095e-35 1.0000000180025095e-35 7.3756415458025453 7.3756415458025453 1.0000000180025095e-35 5.1071277636288182 1.0000000180025095e-35 1.0000000180025095e-35 5.9485350739343916 1.0000000180025095e-35 6.1574965627045364 4.7402502150512857 1.0000000180025095e-35
decision_type=2 2 2 2 2 2 2 2 2 2 2 2 2 2
left_child=1 9 4 -4 13 -6 12 -8 -9 -1 -11 -12 -3 -2
right_child=2 6 3 -5 5 -7 7 8 -10 10 11 -13 -14 -15
leaf_value=-0.034987752649983939 -0.0063933522701911496 -0.0026594045701862335 0.016442452767926743 0.052245305169451535 0.010231861672154318 0.039673769240462231 -0.012685681251396097 0.0043490480778925955 0.04339041847023517 -0.033313768252434324 0.035776912876330481 -0.017129047858935428 -0.040033353399834826 0.019120739411058636
leaf_weight=60.180823720991611 35.849753871560097 11.398537352681158 24.488082185387611 19.730636969208717 42.94463050365448 9.6956520676612836 7.5498489215970048 8.2217082530260068 7.196457952260972 9.6240005865693092 3.8730205073952675 5.1507526338100433 4.3108488246798506 7.9751550406217566
leaf_count=657 228 81 102 81 213 42 42 40 34 75 28 39 33 35
internal_value=-0.000471683 -0.0199393 0.0157619 0.0326825 0.00790754 0.0158695 0.000998526 0.01119 0.0231821 -0.030246 -0.0144955 0.00537381 -0.0135725 -0.00158237
internal_weight=258.19 117.506 140.684 44.2187 96.4652 52.6403 38.6774 22.968 15.4182 78.8286 18.6478 9.02377 15.7094 43.8249
internal_count=1730 1029 701 183 518 255 230 116 74 799 142 67 114 263
is_linear=0
shrinkage=0.045


Tree=24
num_leaves=15
num_cat=0
split_feature=0 11 10 0 2 6 0 16 0 3 1 0 0 1
split_gain=39.9884 11.0076 9.36393 7.45542 5.95092 9.37064 4.13987 3.91326 3.40854 3.36451 3.84427 3.85399 3.56575 3.37438
threshold=5.9485350739343916 1.0000000180025095e-35 1.0000000180025095e-35 8.0005194195719227 1.0000000180025095e-35 1.0000000180025095e-35 6.3144475986969324 1.0000000180025095e-35 5.7796205670362681 1.0000000180025095e-35 0.10372243288550796 6.5095757652725217 6.6997832210287909 0.30617662046660005
decision_type=2 2 2 2 2 2 2 2 2 2 2 2 2 2
left_child=1 -1 3 4 6 9 -2 -8 -3 10 -6 -12 -13 -11
right_child=2 8 -4 -5 5 -7 7 -9 -10 13 11 12 -14 -15
leaf_value=-0.036575067150708407 -0.033569411813638747 -0.0091256055169134341 0.036663933732917105 0.037452222771256108 -0.040997480030284646 0.05903636569636006 -0.033152266697536285 0.0035750663160281386 0.0348620385864419 0.053548480470663948 -0.02558634189462522 0.043624324127720215 0.004843696185680548 0
leaf_weight=58.02861113846302 9.099689878523348 27.836611747741703 26.731138527393341 14.890781283378599 3.7296892106533042 7.8962765932083121 6.5050354972481719 46.829211860895157 3.8676222413778296 5.4067641794681531 6.4185180813074103 5.7373972237110129 27.525130555033684 4.3226849287748337
leaf_count=651 67 180 110 65 25 37 38 253 19 28 46 32 143 24
internal_value=-0.000785103 -0.0249493 0.012336 0.00755723 0.00386071 0.0138528 -0.0058489 -0.000927529 -0.00343357 0.00685825 0.00133811 0.00561579 0.0118881 0.0305117
internal_weight=254.825 89.7328 165.092 138.361 123.47 61.0365 62.4339 53.3342 31.7042 53.1402 43.4107 39.681 33.2625 9.72945
internal_count=1718 850 868 758 693 335 358 291 199 298 246 221 175 52
is_linear=0
shrinkage=0.045


Tree=25
num_leaves=15
num_cat=0
split_feature=0 1 10 0 0 0 9 2 0 16 1 1 1 2
split_gain=38.8338 9.79374 7.18179 5.24214 5.09664 4.92768 3.86521 3.78229 4.0603 3.87851 4.06741 3.85745 3.71564 3.22462
threshold=6.5924450451070937 1.5295070471476684 1.0000000180025095e-35 5.9485350739343916 8.0005194195719227 6.1574965627045364 1.0000000180025095e-35 1.0000000180025095e-35 7.7370392020549401 1.0000000180025095e-35 0.32942200881187139 0.98615419855867226 0.20692023470002588 1.0000000180025095e-35
decision_type=2 2 2 2 2 2 2 2 2 2 2 2 2 2
left_child=1 3 4 -1 6 13 7 9 -9 -2 12 -12 -11 -5
right_child=2 -3 -4 5 -6 -7 -8 8 -10 10 11 -13 -14 -15
leaf_value=-0.033635497695860911 -0.035740766495666196 0.00056208360968066338 0.041370089842123266 -0.0099476501396681422 0.034866605854306967 -0.024057827990189143 -0.015460873240911745 0.012973595933434022 0.047710503167865168 0.0090035247684057077 -0.031294778684653461 0.0090030960156901162 0.056280476762383069 0.042323351890670421
leaf_weight=61.819615945219994 4.6314672231674185 38.37677039206028 20.577830418944359 4.3184265494346636 16.886171713471413 15.606528930366037 12.086199551820753 27.724092453718185 9.24248458445072 11.593066796660425 7.5981978029012707 12.145428195595739 4.79560263454914 4.7180350199341774
leaf_count=685 24 234 85 34 73 113 75 141 40 61 43 56 26 30
internal_value=-0.000410377 -0.0182458 0.0170489 -0.0266278 0.0122478 -0.00873771 0.00787727 0.0115942 0.0219897 0.00199586 0.00712694 -0.00643794 0.0236206 0.0171819
internal_weight=252.12 124.839 127.281 86.4626 106.703 24.643 89.8165 77.7303 36.9666 40.7638 36.1323 19.7436 16.3887 9.03646
internal_count=1720 1096 624 862 539 177 466 391 181 210 186 99 87 64
is_linear=0
shrinkage=0.045


Tree=26
num_leaves=15
num_cat=0
split_feature=0 11 0 1 6 11 1 2 2 0 14 0 14 1
split_gain=39.3132 8.16158 6.39885 5.27756 4.4004 5.11066 4.50748 4.07934 3.66388 3.51765 3.4973 3.24409 4.91078 3.13306
threshold=5.9485350739343916 1.0000000180025095e-35 7.3756415458025453 1.9948754480354034 1.0000000180025095e-35 1.0000000180025095e-35 5.3217453425797929 1.0000000180025095e-35 1.0000000180025095e-35 7.5569551863189988 1.0000000180025095e-35 5.1071277636288182 1.0000000180025095e-35 3.466972669629544
decision_type=2 2 2 2 2 2 2 2 2 2 2 2 2 2
left_child=1 -1 4 8 5 -2 13 -6 -4 -10 -11 -3 -13 -7
right_child=2 11 3 -5 7 6 -8 -9 9 10 -12 12 -14 -15
leaf_value=-0.035082321223045485 -0.0079926388880904899 -0.019664360512858175 0.0039335208249777123 0.047144157918107957 0.0075799087051363562 0.014163912343891456 -0.0090120848333615673 0.061611526717851604 -0.0070168359483884883 0.014127119357617901 0.048198252057321971 -0.027552764892122897 0.028085860984290865 0.051090835087591907
leaf_weight=56.465082205832005 51.160806953907013 16.035428911447529 27.37402381002903 14.041111186146734 7.3261176049709302 15.901625692844393 10.784870490431784 4.7315450459718704 4.9613762348890331 11.670538663864136 14.397159710526466 4.5491261333227131 9.5183869749307632 6.8818273544311515
leaf_count=670 352 119 135 60 38 68 47 23 24 52 64 27 47 29
internal_value=-0.000355305 -0.0250047 0.0122418 0.022354 0.0045961 0.000893375 0.0145368 0.0298089 0.0161766 0.0267391 0.0333396 -0.00584635 0.00964413 0.0258611
internal_weight=255.799 86.568 169.231 72.4442 96.7868 84.7291 33.5683 12.0577 58.4031 31.0291 26.0677 30.1029 14.0675 22.7835
internal_count=1755 863 892 335 557 496 144 61 275 140 116 193 74 97
is_linear=0
shrinkage=0.045


Tree=27
num_leaves=15
num_cat=0
split_feature=0 11 0 8 11 0 13 0 6 10 0 0 14 13
split_gain=30.0624 11.567 5.97329 4.87795 4.20424 2.66972 2.78715 3.04676 2.467 2.26797 2.84619 3.84242 5.73241 4.10846
threshold=5.9485350739343916 1.0000000180025095e-35 7.3756415458025453 1.0000000180025095e-35 1.0000000180025095e-35 5.1071277636288182 1.0000000180025095e-35 4.7402502150512857 1.0000000180025095e-35 1.0000000180025095e-35 7.1419752866463933 6.4254097416193616 1.0000000180025095e-35 1.0000000180025095e-35
decision_type=2 2 2 2 2 2 2 2 2 2 2 2 2 2
left_child=1 -1 3 8 -4 6 -3 -8 9 10 11 -2 -13 -14
right_child=2 5 4 -5 -6 -7 7 -9 -10 -11 -12 12 13 -15
leaf_value=-0.034316893095616731 -0.014113225682953451 -0.040813446420571609 0.013931919630662811 -0.030368528848355877 0.038692044381232069 0.014541519242587207 0.014142795363961585 -0.035707308950748133 0.025324592141122461 0.018779883301502782 -0.021893819637879276 -0.012123988497676503 -0.0043882776681855697 0.039253035246775585
leaf_weight=54.208218604326248 15.615055359899996 4.6173572316765812 52.292265191674232 7.6561554744839659 19.51491191983223 14.113008886575697 8.4551258310675639 3.2811522260308257 12.116212442517279 15.21605424582958 10.269619733095167 11.58787991851568 5.8243080750107756 15.034431949257852
leaf_count=662 116 36 247 53 82 73 61 26 61 62 58 71 35 85
internal_value=-9.72354e-05 -0.0218851 0.011061 0.00348118 0.0208122 0.000167121 -0.0119918 0 0.00662258 0.00342027 -0.000559977 0.00397715 0.0128542 0.0269276
internal_weight=249.802 84.6749 165.127 93.3197 71.8072 30.4666 16.3536 11.7363 85.6636 73.5473 58.3313 48.0617 32.4466 20.8587
internal_count=1728 858 870 541 329 196 123 87 488 427 365 307 191 120
is_linear=0
shrinkage=0.045


Tree=28
num_leaves=15
num_cat=0
split_feature=11 6 1 13 1 1 14 3 1 1 1 2 1 1
split_gain=12.6956 4.7777 4.77673 4.68247 5.1117 5.31351 4.59909 4.5446 3.23784 2.49917 4.7178 2.13256 2.73289 3.27061
threshold=1.0000000180025095e-35 1.0000000180025095e-35 0.89906083963794792 1.0000000180025095e-35 3.466972669629544 5.5995879585675565 1.0000000180025095e-35 1.0000000180025095e-35 8.0279336124920864 0.30617662046660005 0.89906083963794792 1.0000000180025095e-35 0.078766801361662628 0.15891227420555962
decision_type=2 2 2 2 2 2 2 2 2 2 2 2 2 2
left_child=1 7 -2 -4 6 -6 -5 11 -7 -9 -11 -1 -13 -14
right_child=2 -3 3 4 5 8 -8 9 -10 10 -12 12 13 -15
leaf_value=-0.022064899105376352 0.044081752961758758 0.0082962405237217447 -0.0078627761286418386 -0.02469160270853997 0.053089309490099858 -0.013775571172524899 0.015911059749223088 0.015455807661838279 0.026662483931775643 -0.026913131966041701 0.038965462805034427 -0.040435511524103795 0.015801205544810456 -0.011758289745237346
leaf_weight=51.282669693231583 9.329657353460787 31.182469539344311 20.971314743161201 8.4611913412809372 11.664322659373285 5.6548030674457577 15.97258310765028 17.316947765648369 12.012806996703146 9.0460602268576604 2.6590353623032561 5.0020900443196288 10.750593639910219 41.16947303712368
leaf_count=450 47 221 112 47 53 28 79 125 57 67 20 50 82 315
internal_value=-0.000336915 -0.0074821 0.0139073 0.00997288 0.0170164 0.0296235 0.00158174 -0.0111071 0.0134585 0.00456169 -0.0111664 -0.0153518 -0.00916896 -0.00592673
internal_weight=252.476 168.409 84.0667 74.737 53.7657 29.3319 24.4338 137.227 17.6676 29.022 11.7051 108.205 56.9222 51.9201
internal_count=1753 1330 423 376 264 138 126 1109 85 212 87 897 447 397
is_linear=0
shrinkage=0.045


Tree=29
num_leaves=15
num_cat=0
split_feature=0 10 1 2 0 8 1 9 1 1 0 0 13 4
split_gain=30.9366 7.4667 5.8665 5.70294 4.60949 3.22523 3.57746 3.19286 2.92119 6.34655 3.43817 2.71305 2.65428 2.48369
threshold=5.8313547596408082 1.0000000180025095e-35 1.5826356509226325 1.0000000180025095e-35 7.5569551863189988 1.0000000180025095e-35 0.20406220225542557 1.0000000180025095e-35 0.30617662046660005 1.6989298729854243 7.9566157377404787 7.3756415458025453 1.0000000180025095e-35 1.0000000180025095e-35
decision_type=2 2 2 2 2 2 2 2 2 2 2 2 2 2
left_child=2 3 -1 7 5 6 -5 8 13 10 -10 -11 -4 -2
right_child=1 -3 12 4 -6 -7 -8 -9 9 11 -12 -13 -14 -15
leaf_value=-0.032030641799806255 0.019314155058149797 0.032537198758425361 -0.028283515273976975 -0.0081732877565970068 0.032259730371859467 -0.02349751178193132 0.021384745557344997 -0.02750834832113247 -0.030589243332554049 0.00089244527427450367 0.013791802170456838 0.038277799122013179 0.0045585235425589189 -0.015470759949065297
leaf_weight=53.124594256281853 22.106701239943508 26.540489882230759 6.7652647867798832 11.713850431144236 23.232269242405891 5.6974130123853675 26.109872996807098 8.5253915563225728 18.244392894208435 12.218929126858713 4.0943615436553946 5.7906900495290747 16.871501602232456 4.8055346161127082
leaf_count=645 121 111 49 78 103 39 151 62 119 60 19 25 110 35
internal_value=-6.80689e-05 0.0106685 -0.0237418 0.00652514 0.0161022 0.00726605 0.0121176 -0.00187146 0.00138327 -0.0061921 -0.022205 0.0134486 -0.00481111 0.0128686
internal_weight=245.841 169.08 76.7614 142.539 66.7534 43.5211 37.8237 75.786 67.2606 40.3484 22.3388 18.0096 23.6368 26.9122
internal_count=1727 923 804 812 371 268 229 441 379 223 138 85 159 156
is_linear=0
shrinkage=0.045


Tree=30
num_leaves=15
num_cat=0
split_feature=0 1 10 0 9 4 14 6 5 0 1 1 14 2
split_gain=24.8204 9.49073 6.36497 3.7573 4.50882 3.8942 3.03493 3.9824 2.09699 3.20651 3.99968 3.1195 2.58602 3.04261
threshold=5.9485350739343916 1.5295070471476684 1.0000000180025095e-35 6.494270359993858 1.0000000180025095e-35 1.0000000180025095e-35 1.0000000180025095e-35 1.0000000180025095e-35 1.0000000180025095e-35 7.7041336757759691 0.1777332241243795 0.3402481454404212 1.0000000180025095e-35 1.0000000180025095e-35
decision_type=2 2 2 2 2 2 2 2 2 2 2 2 2 2
left_child=1 -1 3 6 5 8 -2 -8 9 10 -5 -10 -12 -14
right_child=2 -3 -4 4 -6 -7 7 -9 11 -11 12 -13 13 -15
leaf_value=-0.03012529760111134 -0.033443263324129495 0.0026521134558394467 0.030811936354203723 -0.010671105405346814 -0.01237504744466412 -0.0080267670528011269 -0.0091485322318905146 0.04325195755752529 0.0155128642233461 0.034057459011432582 0.0029903003873853655 -0.028378864545999652 0.013638036170200438 0.047254342555350839
leaf_weight=54.876447632908821 6.9891455918550518 26.09091130644083 26.976315036416054 10.339988335967062 14.908803217113016 13.690276250243185 14.851150259375574 3.444297492504119 10.607309386134146 24.416166663169861 11.655389353632925 4.4879679828882209 12.553554117679596 10.561027467250824
leaf_count=678 52 172 113 50 92 84 113 21 56 104 56 25 61 49
internal_value=0.00084052 -0.0195272 0.0108448 0.00688458 0.0104031 0.0139212 -0.00865234 0.000834101 0.0175356 0.0208355 0.013461 0.00196879 0.0207861 0.0294639
internal_weight=246.449 80.9674 165.481 138.505 113.22 98.3117 25.2846 18.2954 84.6214 69.5261 45.11 15.0953 34.77 23.1146
internal_count=1726 850 876 763 577 485 186 134 401 320 216 81 166 110
is_linear=0
shrinkage=0.045


Tree=31
num_leaves=15
num_cat=0
split_feature=0 11 0 2 1 14 0 0 1 1 2 0 14 13
split_gain=26.3285 7.38649 6.22672 3.67905 4.21438 3.41525 5.49206 3.32175 4.15027 2.87462 3.5592 3.21207 2.8224 2.64291
threshold=5.3460466392979598 1.0000000180025095e-35 6.5924450451070937 1.0000000180025095e-35 0.31395490369458007 1.0000000180025095e-35 7.0603717324197364 7.5569551863189988 0.31133753715810381 5.3217453425797929 1.0000000180025095e-35 6.7541442003441441 1.0000000180025095e-35 1.0000000180025095e-35
decision_type=2 2 2 2 2 2 2 2 2 2 2 2 2 2
left_child=13 2 -2 4 -4 6 -3 8 -5 10 11 -7 -9 -1
right_child=1 5 3 7 -6 9 -8 12 -10 -11 -12 -13 -14 -15
leaf_value=-0.042187003571943035 -0.0147701414654966 -0.017374286363010211 0.0091457143962862895 -0.010276135208519509 -0.019686200689133911 0 0.029230987717609916 0.0095332656704353626 0.026700574795580259 0.0085965481002739531 0.054338757842295811 0.038967168686340557 0.042662250526859638 -0.020462798142019414
leaf_weight=17.003280721604824 34.753831155598164 10.374387919902803 26.382147222757339 14.822152286767961 16.473158091306686 7.5219485759735134 9.6577183753252012 9.6569756418466568 10.124358251690863 11.813504025340078 12.147161886096002 9.1080371737480146 12.713491529226303 41.284597754478455
leaf_count=195 328 51 139 83 95 35 41 43 57 51 53 38 55 462
internal_value=-0.000653141 0.00761919 0.00131702 0.00758602 -0.00187244 0.0204851 0.0049391 0.0162191 0.00464465 0.0279852 0.035675 0.0212912 0.0287716 -0.0269995
internal_weight=243.837 185.549 124.926 90.1723 42.8553 60.6228 20.0321 47.317 24.9465 40.5907 28.7771 16.63 22.3705 58.2879
internal_count=1726 1069 800 472 234 269 92 238 140 177 126 73 98 657
is_linear=0
shrinkage=0.045


Tree=32
num_leaves=15
num_cat=0
split_feature=0 10 0 1 14 1 13 9 0 1 0 6 0 1
split_gain=22.2698 7.71536 5.65808 4.30004 3.77618 3.3042 3.28571 2.71329 2.41355 4.81489 4.03586 1.84543 1.59057 2.45067
threshold=5.6947762164947626 1.0000000180025095e-35 7.7041336757759691 2.4237389820306152 1.0000000180025095e-35 3.8827977115476329 1.0000000180025095e-35 1.0000000180025095e-35 5.0390548140434204 0.3626114662319157 5.3813538741014355 1.0000000180025095e-35 8.0271053883027239 0.55971682795658151
decision_type=2 2 2 2 2 2 2 2 2 2 2 2 2 2
left_child=3 2 4 6 11 -5 -1 -6 -8 -10 -11 -2 13 -4
right_child=1 -3 12 5 7 -7 8 -9 9 10 -12 -13 -14 -15
leaf_value=-0.045517680776983475 -0.016939456554897085 0.03019166627848471 0.022329649734503371 0.026210015982200387 0.0087004989581166339 -0.01603368252819766 -0.027112385143723664 -0.016539132261554762 -0.030812034821777787 0.067999769166787155 -0.0070782486688766699 0.01368566202558018 0.031881246988885226 -0.006849510616200402
leaf_weight=14.70011981576681 29.386378943920135 29.428854718804359 16.66539736092091 5.7436883822083464 64.02398107200861 9.9457521736621839 26.504967078566551 9.6746576949954015 5.5251088812947255 2.4724563360214233 2.8894821032881737 4.2871288582682601 13.950144708156584 8.4872163534164411
leaf_count=191 191 125 76 37 383 64 336 73 74 28 27 23 60 41
internal_value=0.000753513 0.00921592 0.0049355 -0.0211041 -0.000370035 -0.000150389 -0.0273043 0.00529052 -0.0198201 -0.00149219 0.0279324 -0.0128498 0.0195462 0.0123299
internal_weight=243.685 175.904 146.475 67.7816 107.372 15.6894 52.0921 73.6986 37.392 10.887 5.36194 33.6735 39.1028 25.1526
internal_count=1729 972 847 757 670 101 656 456 465 129 55 214 177 117
is_linear=0
shrinkage=0.045


Tree=33
num_leaves=15
num_cat=0
split_feature=0 1 0 8 0 0 0 1 1 1 1 1 1 1
split_gain=22.9544 5.68735 3.18511 3.18255 3.0657 3.95492 2.65039 2.43215 4.44355 4.07062 2.38092 4.23666 2.55412 2.18514
threshold=5.9485350739343916 2.4237389820306152 7.3756415458025453 1.0000000180025095e-35 6.1054178349761008 6.2924217329520831 7.2058488097969473 3.3839142021814461 5.8738152306262306 1.8260189601195607 1.9948754480354034 0.55971682795658151 0.80056063075676087 0.39995317725482799
decision_type=2 2 2 2 2 2 2 2 2 2 2 2 2 2
left_child=1 -1 3 4 -2 -6 7 9 -9 -7 11 -4 -13 -8
right_child=2 -3 10 -5 5 6 13 8 -10 -11 -12 12 -14 -15
leaf_value=-0.027838876486523334 0.03306566496769836 9.6535432037481836e-05 0.019672229442219597 -0.024035430756372066 -0.025373819816529503 0.011434180073821533 0.0064140188772359007 0.057412240396312195 0.0030334278192024442 -0.025707084808387015 0.033485300092020769 -0.033814029317821681 0.0049227692271407147 -0.032061108880485398
leaf_weight=58.655694544315338 7.5212860852479926 19.267594151198864 38.85531097650528 7.5841563940048209 8.4661882519721967 39.089725852012634 5.6311862170696241 5.5808971226215345 6.8702164590358734 6.8016004562377921 13.309041723608969 5.0529788434505454 9.4793866127729398 5.7024111151695251
leaf_count=741 50 118 177 54 60 238 30 24 29 30 59 25 46 27
internal_value=-0.000877202 -0.0208913 0.00885928 0.00341453 0.00594752 0.00320217 0.00680147 0.0107118 0.0282854 0.00574414 0.0163713 0.0119119 -0.00851696 -0.0127745
internal_weight=237.868 77.9233 159.944 93.2477 85.6635 78.1422 69.676 58.3424 12.4511 45.8913 66.6967 53.3877 14.5324 11.3336
internal_count=1708 859 849 542 488 438 378 321 53 268 307 248 71 57
is_linear=0
shrinkage=0.045


Tree=34
num_leaves=15
num_cat=0
split_feature=0 11 1 1 13 1 3 6 1 1 1 1 0 1
split_gain=26.5091 6.43192 4.34289 3.70381 3.38408 3.12327 2.55208 3.69198 4.71994 4.86987 3.51284 2.89436 2.44225 2.21912
threshold=5.9485350739343916 1.0000000180025095e-35 2.4237389820306152 0.59645685809869664 1.0000000180025095e-35 3.8827977115476329 1.0000000180025095e-35 1.0000000180025095e-35 0.09302757900118401 0.1269030572787255 0.30617662046660005 0.15493418452797766 6.3973099050625359 4.0254935210678395
decision_type=2 2 2 2 2 2 2 2 2 2 2 2 2 2
left_child=2 3 -1 6 5 -3 7 8 -2 -10 -8 -9 -11 -4
right_child=1 4 13 -5 -6 -7 10 11 9 12 -12 -13 -14 -15
leaf_value=-0.029381355623182979 -0.031737820519688847 0.019218736350423645 0.013723957528565763 -0.013395356496247311 0.028801866216637703 -0.023753663621838561 0.033635232061870017 -0.0017744557713248801 0.039477520609880572 -0.031424592283019671 -0.0093969388555812002 0.038401531931727455 0.0015837074537720704 -0.01682586393078777
leaf_weight=58.870936036109924 9.0688364133238775 8.7037201523780805 7.6887771561741856 23.359745688736439 37.005770683288574 5.3344696164131156 13.272256560623648 5.6201375424861899 6.3249663710594168 4.9053585752844802 5.0675233304500571 9.0235847532749158 39.394624829292297 11.894271411001681
leaf_count=760 62 38 48 143 159 24 67 25 34 43 29 41 222 74
internal_value=-0.0017171 0.00839524 -0.0232768 0.00248298 0.0216855 0.00246902 0.00655387 0.00275112 -0.00216735 0.00314534 0.0215291 0.022863 -0.002095 -0.00458632
internal_weight=245.535 167.081 78.454 116.037 51.044 14.0382 92.6773 74.3375 59.6938 50.6249 18.3398 14.6437 44.3 19.583
internal_count=1769 887 882 666 221 62 523 427 361 299 96 66 265 122
is_linear=0
shrinkage=0.045


Tree=35
num_leaves=15
num_cat=0
split_feature=11 6 13 1 1 14 16 3 1 1 1 1 13 1
split_gain=6.60122 5.86375 3.41114 3.28769 5.43711 4.70493 3.20954 3.17762 3.14928 7.05039 3.0302 3.00695 2.5799 2.38025
threshold=1.0000000180025095e-35 1.0000000180025095e-35 1.0000000180025095e-35 3.466972669629544 5.5995879585675565 1.0000000180025095e-35 1.0000000180025095e-35 1.0000000180025095e-35 0.89906083963794792 0.46178036346533063 8.0279336124920864 15.490587911224322 1.0000000180025095e-35 0.24340568873377513
decision_type=2 2 2 2 2 2 2 2 2 2 2 2 2 2
left_child=1 6 -2 5 -5 -4 -1 12 9 -9 -6 -12 13 -8
right_child=2 -3 3 4 10 -7 7 8 -10 -11 11 -13 -14 -15
leaf_value=-0.029402087071353448 -0.0055507469089396341 0.011263439370549761 -0.020121483608973617 0.048864319057396632 -0.018626834324378963 0.017368454926092267 -0.0398604469091354 0.013385974508889564 0.050162799364777591 -0.045623135193386517 0.042587312090262036 -0.0031101466642234547 -0.0068833917274237809 -0.010807399656347336
leaf_weight=15.744520440697668 21.326217077672482 31.148409008979797 9.988454110920431 12.134390816092493 5.2184344157576588 19.81810338050127 10.916331835091116 18.523422762751586 2.7026972994208327 5.0482033416628829 6.17983131110668 5.0082094222307205 63.765603817999363 13.34150445088744
leaf_count=142 116 224 58 57 26 103 98 131 20 41 30 24 550 126
internal_value=-0.000900954 -0.00615378 0.00965869 0.0152946 0.0261921 0.00460488 -0.0103711 -0.00766348 0.00592269 0.000281502 0.00876606 0.0220408 -0.0117741 -0.0242847
internal_weight=240.864 161.191 79.6736 58.3474 28.5409 29.8066 130.042 114.298 26.2743 23.5716 16.4065 11.188 88.0234 24.2578
internal_count=1746 1332 414 298 137 161 1108 966 192 172 80 54 774 224
is_linear=0
shrinkage=0.045


Tree=36
num_leaves=15
num_cat=0
split_feature=11 6 2 1 1 1 1 1 13 1 1 10 3 14
split_gain=12.7915 4.33186 3.0674 3.98676 6.78771 3.03976 4.01997 3.24107 2.99954 3.37311 2.69864 2.58674 2.51195 2.49966
threshold=1.0000000180025095e-35 1.0000000180025095e-35 1.0000000180025095e-35 0.11804444683187747 0.15674273059990482 0.1247097132630534 0.10729882008691354 1.3733543031536319 1.0000000180025095e-35 3.8827977115476329 0.11688750964291246 1.0000000180025095e-35 1.0000000180025095e-35 1.0000000180025095e-35
decision_type=2 2 2 2 2 2 2 2 2 2 2 2 2 2
left_child=1 2 5 -4 -5 6 -1 -7 9 11 -3 -2 -6 -10
right_child=8 10 3 4 12 7 -8 -9 13 -11 -12 -13 -14 -15
leaf_value=-0.012397813598946419 -0.0060479155912643023 -0.018761164322260347 -0.027490341135700567 0.038254723979712017 -0.010761030706329989 -0.028473746941542942 0.045322128160364079 0.010131651894353298 0.0057036454806006507 -0.019693781838669589 0.014637322456760493 0.033558157440444998 0.01566470174671597 0.026383627502762335
leaf_weight=12.054875083267687 5.8174241185188311 5.8689749017357853 12.289687510579823 8.0809719339013082 39.19650024548173 40.456161174923182 2.8487743139266959 4.6539255753159514 17.969015248119831 9.4069124609231931 23.866658672690392 7.0149694383144379 8.6375084519386274 39.267595551908016
leaf_count=107 37 45 115 55 317 381 24 37 98 50 171 33 62 194
internal_value=-0.000106935 -0.00753298 -0.0111338 -0.00449632 0.000557361 -0.0185624 -0.000612879 -0.0243644 0.0145773 0.000335651 0.00781378 0.0154406 -0.00585023 0.0200121
internal_weight=237.43 157.954 128.218 68.2047 55.915 60.0137 14.9036 45.1101 79.4759 22.2393 29.7356 12.8324 47.834 57.2366
internal_count=1726 1314 1098 549 434 549 131 418 412 120 216 70 379 292
is_linear=0
shrinkage=0.045


Tree=37
num_leaves=15
num_cat=0
split_feature=0 0 1 1 2 0 0 4 9 0 0 0 13 14
split_gain=20.7733 4.65676 6.30278 4.65018 4.21651 3.11509 2.73918 2.5902 2.83259 2.75142 2.26544 3.36285 2.27496 1.78483
threshold=5.3460466392979598 6.5924450451070937 3.3839142021814461 1.6989298729854243 1.0000000180025095e-35 6.0271753052324 6.6997832210287909 1.0000000180025095e-35 1.0000000180025095e-35 6.9879948526472333 7.1419752866463933 7.2619958479213196 1.0000000180025095e-35 1.0000000180025095e-35
decision_type=2 2 2 2 2 2 2 2 2 2 2 2 2 2
left_child=3 2 4 -1 5 13 -3 8 9 -8 -11 -12 -13 -2
right_child=1 6 -4 -5 -6 -7 7 -9 -10 10 11 12 -14 -15
leaf_value=-0.03200718198696622 -0.033662997609765016 0.038303222197702325 0.026034288113506717 -0.0029595587555035444 0.0033075612745636358 -0.040165448960251482 0 -0.0082280210371330521 -0.0063490837121226926 0.044350674034831443 -0.0093027320074110832 0.0060296810945310465 0.026479755109033734 0.0048901020169216424
leaf_weight=37.961405493319035 3.1970428898930567 8.211187578737734 12.370573580265043 16.337575003504753 23.467308424413204 11.369799442589281 17.042690396308899 11.868148379027842 12.225160203874109 7.1730909198522559 8.0873459130525571 15.811342447996138 42.96724346280098 7.9638885408639908
leaf_count=543 37 43 59 119 190 90 85 73 76 36 39 70 192 80
internal_value=0.000957869 0.00827504 -0.00212728 -0.0233928 -0.00987829 -0.0237185 0.0132278 0.0113378 0.0136406 0.016381 0.0201243 0.0173338 0.0210941 -0.00615552
internal_weight=236.054 181.755 58.3686 54.299 45.998 22.5307 123.386 115.175 103.307 91.0817 74.039 66.8659 58.7786 11.1609
internal_count=1732 1070 456 662 397 207 614 571 498 422 337 301 262 117
is_linear=0
shrinkage=0.045


Tree=38
num_leaves=15
num_cat=0
split_feature=0 11 10 0 2 6 1 1 1 1 1 1 1 1
split_gain=18.3324 6.96641 4.93271 4.83323 3.69326 5.59343 2.8575 3.39252 2.41371 2.31559 2.27198 1.59502 1.59087 1.56937
threshold=5.9485350739343916 1.0000000180025095e-35 1.0000000180025095e-35 8.0271053883027239 1.0000000180025095e-35 1.0000000180025095e-35 0.27167195734131222 1.6989298729854243 0.19565198072979317 4.814784687624738 0.10729882008691354 0.26011165364544858 0.14442860504927582 4.6547528933336624
decision_type=2 2 2 2 2 2 2 2 2 2 2 2 2 2
left_child=1 -1 3 4 6 8 10 -8 -6 -9 -2 -10 -12 -3
right_child=2 13 -4 -5 5 -7 7 9 11 -11 12 -13 -14 -15
leaf_value=-0.028531037939509715 -0.0095719865903683976 0.0068269636561713413 0.028174227142893665 0.031797564960023471 -0.0080356333419927557 0.047921856966942948 -0.023320668334785653 0.018260887041651731 0.032330557708769928 -0.017183273190793363 0.042307118603172732 0.0079755116643234984 0.008740311441146743 -0.015208736858884754
leaf_weight=43.229939538985491 8.8839614167809504 20.224013715982441 25.639860823750496 13.718377903103827 16.206727154552937 7.3178585916757575 21.754792787134647 9.2340325340628606 6.6933654472231856 5.9012144654989234 4.0797199979424468 32.189258880913258 10.635235257446764 9.4247358888387662
leaf_count=648 57 135 111 59 96 32 142 46 37 27 22 178 64 59
internal_value=0.00164621 -0.0170508 0.0100826 0.006618 0.00372365 0.0114063 -0.00413998 -0.0119861 0.00631856 0.00410394 0.00793374 0.0124272 0.0187909 -8.1949e-05
internal_weight=235.133 72.8787 162.254 136.615 122.896 62.4072 60.489 36.89 55.0894 15.1352 23.5989 38.8826 14.715 29.6487
internal_count=1713 842 871 760 701 343 358 215 311 73 143 215 86 194
is_linear=0
shrinkage=0.045


Tree=39
num_leaves=15
num_cat=0
split_feature=0 10 0 1 2 1 8 0 2 1 0 13 1 1
split_gain=19.3801 6.96813 6.2482 3.78939 3.11004 3.29551 3.01856 2.88596 2.85381 2.80945 2.697 2.47677 2.44424 3.35612
threshold=5.0390548140434204 1.0000000180025095e-35 6.494270359993858 8.5482995019629175 1.0000000180025095e-35 0.12319648660154559 1.0000000180025095e-35 6.9346256772308026 1.0000000180025095e-35 0.12319648660154559 7.8594980548037325 1.0000000180025095e-35 1.6989298729854243 4.0254935210678395
decision_type=2 2 2 2 2 2 2 2 2 2 2 2 2 2
left_child=11 2 3 6 -4 -6 8 -3 9 -2 -7 -1 -13 -14
right_child=1 7 4 -5 5 10 -8 -9 -10 -11 -12 12 13 -15
leaf_value=-0.04446875992626774 0.015921437801787824 0.013486988850372654 0.0011798691322339615 0.041495071099721212 -0.0070787762121051027 0.014758879778864102 -0.046828339465773687 0.041068175031103195 0.0031818162894542259 -0.027890985636918969 0.040452305145860429 -0.027511733336317588 0.024280843528604251 -0.029505291626284874
leaf_weight=11.629293166100977 3.2759168781340149 18.472041770815849 56.902309149503708 2.4302327185869208 9.9216938167810422 36.81888984143734 4.8589424006640902 14.292951330542563 18.602547749876976 17.725891828536987 11.155205816030501 21.732438649982218 5.0510483011603338 4.0505083650350571
leaf_count=161 39 80 298 12 51 187 63 65 171 173 49 324 39 29
internal_value=0.000917448 0.00695528 0.00307528 -0.0106928 0.00874732 0.0160778 -0.0138191 0.0258313 -0.00944125 -0.020759 0.0209698 -0.0265297 -0.0193759 0
internal_weight=236.92 194.457 161.692 46.8935 114.798 57.8958 44.4633 32.765 39.6044 21.0018 47.9741 42.4633 30.834 9.10156
internal_count=1741 1188 1043 458 585 287 446 145 383 212 236 553 392 68
is_linear=0
shrinkage=0.045


Tree=40
num_leaves=15
num_cat=0
split_feature=11 1 1 3 2 1 13 1 1 14 1 1 6 1
split_gain=6.18736 4.17082 3.9549 3.46129 3.04006 3.54523 2.87887 2.69218 2.65942 3.9491 3.22643 3.12898 2.63293 3.89747
threshold=1.0000000180025095e-35 0.89906083963794792 1.3473760208640713 1.0000000180025095e-35 1.0000000180025095e-35 0.15891227420555962 1.0000000180025095e-35 0.46178036346533063 2.5328513050177177 1.0000000180025095e-35 5.5995879585675565 3.466972669629544 1.0000000180025095e-35 0.15493418452797766
decision_type=2 2 2 2 2 2 2 2 2 2 2 2 2 2
left_child=3 -2 -3 12 5 -5 -4 -6 9 -8 11 -10 -1 -14
right_child=1 2 6 4 7 -7 8 -9 10 -11 -12 -13 13 -15
leaf_value=-0.013934287551391245 0.037234972019578226 -0.03434940356015323 -0.0078674897377261875 0.022065789600770682 0.032830127339268315 -0.024321874135945738 -0.037903286755946689 -0.010336096640145336 0.010380120808840534 0.01452420328196625 0.0045839308359815643 0.047637520775556025 -0.024747807592899872 0.012477589766942883
leaf_weight=97.430409092456102 8.7344338148832303 4.7176419124007216 17.872080482542515 4.9134273231029519 10.618146158754824 9.1785595603287202 4.4679992422461492 3.7092451751232156 8.6654330641031283 7.4165328070521355 17.502028234302998 10.796719610691069 7.7592083439230946 19.689564727246761
leaf_count=882 46 30 96 34 76 79 26 27 42 39 86 52 59 148
internal_value=-0.00191909 0.00817179 0.00446153 -0.00722956 0.00681295 -0.00775066 0.00736744 0.0213565 0.0130425 -0.00511467 0.0189975 0.031552 -0.010467 0.00168908
internal_weight=233.471 80.1729 71.4384 153.299 28.4194 14.092 66.7208 14.3274 48.8487 11.8845 36.9642 19.4622 124.879 27.4488
internal_count=1722 417 371 1305 216 113 341 103 245 65 180 94 1089 207
is_linear=0
shrinkage=0.045


Tree=41
num_leaves=15
num_cat=0
split_feature=0 10 2 0 0 16 0 0 14 8 9 5 0 14
split_gain=18.722 5.78739 6.37309 4.88019 3.7485 3.0596 2.7928 2.60327 2.51674 2.09879 2.37641 2.73488 3.01223 5.89763
threshold=5.0856547615560377 1.0000000180025095e-35 1.0000000180025095e-35 7.6303908015935891 6.3144475986969324 1.0000000180025095e-35 6.1054178349761008 5.9915713707754561 1.0000000180025095e-35 1.0000000180025095e-35 1.0000000180025095e-35 1.0000000180025095e-35 6.7951908456151333 1.0000000180025095e-35
decision_type=2 2 2 2 2 2 2 2 2 2 2 2 2 2
left_child=-1 2 4 9 6 -6 7 -2 -5 10 11 12 13 -4
right_child=1 -3 3 8 5 -7 -8 -9 -10 -11 -12 -13 -14 -15
leaf_value=-0.025747217263759031 -0.021634762588098488 0.024173311570254881 -0.0063467532576897126 0.013744339062392858 -0.028621927562140492 0.0037583621034389006 -0.05074579630318185 0.021202112210549406 0.044458154523510374 -0.017134895169033982 -0.012005261631298331 -0.010065782088494544 0.0010382103725437462 0.045526148016412381
leaf_weight=42.963384207338095 12.228930335491897 32.89865243434906 6.1598742268979558 11.265871047973633 6.4109691232442847 55.260321043431759 4.9804641082882872 3.4645071178674689 11.839546263217926 7.0686564072966567 8.8618008419871312 7.7874382548034182 12.2638973146677 14.125500023365021
leaf_count=571 153 146 51 50 39 297 42 27 52 57 77 57 58 86
internal_value=0.00104622 0.00700458 0.00345857 0.0125592 -0.00526823 0.000237934 -0.0217539 -0.0117471 0.0299221 0.00526897 0.00863531 0.0133178 0.0190771 0.0296465
internal_weight=237.58 194.616 161.718 79.3726 82.3452 61.6713 20.6739 15.6934 23.1054 56.2672 49.1985 40.3367 32.5493 20.2854
internal_count=1763 1192 1046 488 558 336 222 180 102 386 329 252 195 137
is_linear=0
shrinkage=0.045


Tree=42
num_leaves=15
num_cat=0
split_feature=0 0 8 0 13 11 0 11 2 2 6 13 0 0
split_gain=12.2042 5.24333 5.1738 4.30493 2.82765 2.4497 2.37544 2.93423 2.14233 2.08626 4.27491 2.04767 1.81782 2.18924
threshold=5.0390548140434204 7.2522077617640717 1.0000000180025095e-35 7.2058488097969473 1.0000000180025095e-35 1.0000000180025095e-35 7.3893914521508908 1.0000000180025095e-35 1.0000000180025095e-35 1.0000000180025095e-35 1.0000000180025095e-35 1.0000000180025095e-35 6.9346256772308026 6.6757372251177873
decision_type=2 2 2 2 2 2 2 2 2 2 2 2 2 2
left_child=11 2 3 5 -3 9 -6 8 -8 -2 -11 -1 13 -7
right_child=1 4 -4 -5 6 12 7 -9 -10 10 -12 -13 -14 -15
leaf_value=-0.039622467865248659 -0.011457451619397541 0 -0.032393618205362018 -0.045770206090911106 0.043644732403540637 0.012853334659803187 -0.0024346869121246936 0.033839118748952027 0.019161463330065281 -0.0031521722692666038 0.038370078298638831 -0.015935663978323793 0.031522850084810733 -0.014244931282580232
leaf_weight=10.668858166784046 27.90463212877512 21.241865731775761 9.7405421398580057 3.5367924794554702 7.0173939019441596 27.768282294273376 17.738786667585373 12.753169819712637 18.550400480628014 23.101793296635154 6.157955288887023 29.131677594035864 7.5102816969156256 7.3812484592199317
leaf_count=156 257 101 102 19 34 134 89 61 83 198 37 385 32 31
internal_value=1.42798e-05 0.00477621 -0.00136367 0.00157399 0.013798 0.00338456 0.01908 0.0153107 0.00852608 -0.00264107 0.00563494 -0.022564 0.0115386 0.00698712
internal_weight=230.204 190.403 113.102 103.361 77.3016 99.8242 56.0598 49.0424 36.2892 57.1644 29.2597 39.8005 42.6598 35.1495
internal_count=1719 1178 810 708 368 689 267 233 172 492 235 541 197 165
is_linear=0
shrinkage=0.045


Tree=43
num_leaves=15
num_cat=0
split_feature=0 1 6 10 3 0 13 1 0 0 0 1 1 1
split_gain=14.7224 6.442 2.81926 3.87354 3.01496 4.16686 3.91136 3.50667 3.18114 2.89065 3.30849 2.68161 2.91174 2.0803
threshold=5.9485350739343916 1.5295070471476684 1.0000000180025095e-35 1.0000000180025095e-35 1.0000000180025095e-35 6.494270359993858 1.0000000180025095e-35 0.25422301669401509 7.0603717324197364 6.6997832210287909 7.9926308551386782 0.61414158974951105 0.15493418452797766 0.49963924508134444
decision_type=2 2 2 2 2 2 2 2 2 2 2 2 2 2
left_child=1 -1 3 4 5 13 7 -7 -9 -8 -11 12 -4 -2
right_child=2 -3 11 -5 -6 6 9 8 -10 10 -12 -13 -14 -15
leaf_value=-0.026693030069999575 -0.038281014744846957 0.0012457251977963798 0.0063859963285792295 0.022500145125842946 0.018004946668942295 -0.037377453005653483 0.036898121408682011 -0.030018190859352707 0.01515715228502592 0.00090860875475708288 0.033842184717337041 -0.00274273264018702 0.047144433511489302 -0.0043802394907267329
leaf_weight=44.377622094005346 7.8074736669659597 26.22977290302515 5.926450699567801 23.575646445155144 20.65674739331007 7.5254588425159481 6.6409910023212424 4.4848733246326438 9.4650840163230878 45.206364512443542 7.0180150568485251 5.5488688275218001 10.163864716887472 7.4848790168762207
leaf_count=683 75 178 26 105 112 44 38 26 48 242 32 28 45 52
internal_value=0.000814881 -0.0162764 0.00832563 0.00592465 0.00249279 -0.000841466 0.00322266 -0.0130514 9.63769e-05 0.00926007 0.00553235 0.023442 0.0326711 -0.0222494
internal_weight=232.112 70.6074 161.505 139.866 116.29 95.6331 80.3408 21.4754 13.95 58.8654 52.2244 21.6392 16.0903 15.2924
internal_count=1734 861 873 774 669 557 430 118 74 312 274 99 71 127
is_linear=0
shrinkage=0.045


Tree=44
num_leaves=15
num_cat=0
split_feature=0 10 10 0 9 5 1 1 1 1 0 0 4 1
split_gain=13.2393 4.89747 3.30073 3.72563 2.30256 2.38307 2.60267 6.37307 1.90975 2.69845 1.85451 4.18095 2.71975 5.83955
threshold=5.8313547596408082 1.0000000180025095e-35 1.0000000180025095e-35 7.9033937470127222 1.0000000180025095e-35 1.0000000180025095e-35 0.59645685809869664 1.0148591551905615 1.5295070471476684 3.3839142021814461 6.1574965627045364 6.9879948526472333 1.0000000180025095e-35 0.15493418452797766
decision_type=2 2 2 2 2 2 2 2 2 2 2 2 2 2
left_child=1 -1 3 4 5 6 10 -8 -4 -10 -2 -12 13 -13
right_child=2 -3 8 -5 -6 -7 7 -9 9 -11 11 12 -14 -15
leaf_value=-0.024231072071137283 0.036420589511889444 0.0058485106001029529 0.045585155830404456 0.020084717771919371 -0.014938778019522132 -0.013578332496924169 -0.034428870360145372 0.0083113663554940532 -0.0041921932678914984 0.028141293242159259 -0.0073394843321705197 0.00082696928050930761 -0.0055501494666201677 0.047623585744367987
leaf_weight=47.493654932826757 5.8030568808317176 13.853513352572916 5.3770137578249004 24.664070844650269 15.835966024547814 14.07029766589403 9.4618778266012651 25.882194362580776 8.4733169525861758 12.422613888978956 18.08480741083622 9.7812764048576408 6.1890968382358542 12.450125128030775
leaf_count=690 52 88 24 110 119 93 63 126 37 56 121 45 39 57
internal_value=0.000475892 -0.0173684 0.00701234 0.00425049 0.000861749 0.00339018 0.00618996 -0.00313326 0.021648 0.0149013 0.0125632 0.00934663 0.0200988 0.0274258
internal_weight=229.843 61.3472 168.496 142.223 117.559 101.723 87.6524 35.3441 26.2729 20.8959 52.3084 46.5053 28.4205 22.2314
internal_count=1720 778 942 825 715 596 503 189 117 93 314 262 141 102
is_linear=0
shrinkage=0.045


Tree=45
num_leaves=15
num_cat=0
split_feature=0 10 1 10 2 1 1 0 0 1 0 0 6 0
split_gain=10.1477 2.84273 4.88039 2.65404 3.80336 4.0215 4.3681 4.61304 3.96417 2.51006 2.35786 2.34054 2.09647 2.05734
threshold=5.8033056443734621 1.0000000180025095e-35 2.9901439433008092 1.0000000180025095e-35 1.0000000180025095e-35 0.30617662046660005 1.6989298729854243 7.9787589042173996 7.5951556757954117 0.20406220225542557 6.8185688051694155 6.621556050550172 1.0000000180025095e-35 7.3756415458025453
decision_type=2 2 2 2 2 2 2 2 2 2 2 2 2 2
left_child=1 -1 -3 4 5 12 7 -7 9 -6 11 -11 -2 -8
right_child=3 2 -4 -5 8 6 13 -9 -10 10 -12 -13 -14 -15
leaf_value=-0.021119819003850782 0.0013630979012572439 0.027690231647626209 -0.025212296369453709 0.019151417458181663 -0.013835374062099646 -0.035731336270083486 -0.0071298361083615668 0.016360911665524894 0.025459629807690905 0.0083717505845586782 -0.0032917692330178025 0.043998741513090911 0.028859497651380805 0.025166094054857591
leaf_weight=47.168658930808306 25.42632557079196 7.0933435857295972 6.622980035841465 24.647148698568344 12.844717565923927 18.814537402242426 12.15756054967642 3.9496200680732718 23.914781585335732 11.665929064154627 15.087138369679449 5.7100171148776999 7.1649310439825049 5.6470662653446189
leaf_count=700 166 48 41 110 87 140 62 19 105 80 78 30 33 25
internal_value=-0.000171433 -0.0158875 0.00182745 0.00554255 0.00313167 -0.0039736 -0.0134412 -0.0264335 0.0106957 0.00272638 0.00946176 0.0207028 0.00768435 0.00302925
internal_weight=227.915 60.885 13.7163 167.03 142.383 73.16 40.5688 22.7642 69.2226 45.3078 32.4631 17.3759 32.5913 17.8046
internal_count=1724 789 89 935 825 445 246 159 380 275 188 110 199 87
is_linear=0
shrinkage=0.045


Tree=46
num_leaves=15
num_cat=0
split_feature=0 1 10 2 1 1 0 3 1 1 1 1 0 0
split_gain=11.9295 5.96834 2.54132 3.4742 4.594 5.24973 2.62357 2.68361 4.49041 2.81823 2.52887 2.35307 2.12647 2.08252
threshold=5.9485350739343916 2.5328513050177177 1.0000000180025095e-35 1.0000000180025095e-35 0.16019497450842965 0.10729882008691354 8.0576131402669002 1.0000000180025095e-35 0.30264270730792897 0.27167195734131222 3.8827977115476329 9.3949726061830372 7.6603753272663697 7.6303908015935891
decision_type=2 2 2 2 2 2 2 2 2 2 2 2 2 2
left_child=1 -1 3 4 5 -2 7 8 13 -9 -3 -12 -10 -5
right_child=2 10 -4 6 -6 -7 -8 9 12 -11 11 -13 -14 -15
leaf_value=-0.025826009354271658 -0.0034959032325896085 0.026745128366794026 0.018607915494546767 -0.02082059925656821 -0.011005637400639205 0.05079508566182879 0.040810186913430045 0.048919252633130107 0.021715065677476747 0.00099821464288780948 -0.022943906567691529 0.019179684757043989 -0.0054236890292824105 0.0090561865517792967
leaf_weight=48.822853684425354 9.1222213953733426 6.396679840981963 23.452708467841148 16.077671632170681 52.039601556956768 5.5965956449508658 4.9704870283603659 5.5957339107990247 21.415461122989658 4.7095706462860107 7.4408611506223661 3.8602988123893738 7.5904478281736365 6.2790665477514258
leaf_count=743 57 39 106 103 304 30 21 27 119 25 48 24 35 27
internal_value=-0.00176991 -0.0177242 0.00498169 0.00252808 -0.00467575 0.01725 0.00980462 0.00710896 0.00276155 0.0278834 0.00441355 -0.00808057 0.0144706 -0.0122241
internal_weight=223.37 66.5207 156.85 133.397 66.7584 14.7188 66.6384 61.668 51.3626 10.3053 17.6978 11.3012 29.0059 22.3567
internal_count=1708 854 854 748 391 87 357 336 284 52 111 72 154 130
is_linear=0
shrinkage=0.045


Tree=47
num_leaves=15
num_cat=0
split_feature=0 0 14 16 0 13 13 1 1 0 1 0 1 2
split_gain=10.5406 3.77903 3.55734 3.17759 3.92163 2.79012 2.57346 2.19114 3.6871 3.24506 2.4028 3.30471 2.17747 2.24162
threshold=5.3460466392979598 6.9879948526472333 1.0000000180025095e-35 1.0000000180025095e-35 5.5023342221876481 1.0000000180025095e-35 1.0000000180025095e-35 0.27167195734131222 2.6867275320915898 7.9926308551386782 0.11804444683187747 7.9033937470127222 0.23852676700386954 1.0000000180025095e-35
decision_type=2 2 2 2 2 2 2 2 2 2 2 2 2 2
left_child=5 2 12 -4 -5 -1 -3 10 9 -9 -8 -12 -2 -14
right_child=1 6 3 4 -6 -7 7 8 -10 -11 11 -13 13 -15
leaf_value=-0.038293165841296183 -0.036817779369092557 -0.002183713315102925 0.032167855583532488 0.044973373065322897 -0.0041874414708045126 -0.013087558451457381 0.0062016003342281554 -0.008642557484673798 0.027821992590679117 0.02659087074915855 0.048101686675048133 0.0059223282264768947 -0.023311351920594723 0.0073704767179813011
leaf_weight=12.650090176612137 7.6834657341241863 25.606511987745762 6.5298290923237792 3.3287360630929461 46.992557596415281 33.53986631333828 10.321719616651537 23.743294261395935 12.753223359584807 6.5866189301013938 11.61738331615925 5.9903820902109137 9.4327572919428349 9.2044026181101799
leaf_count=195 72 128 50 33 324 459 52 123 60 30 56 25 68 61
internal_value=-0.00108168 0.00382791 -0.00315961 0.00311242 -0.000681236 -0.020223 0.00988348 0.0142919 0.00771467 -0.000719596 0.0241508 0.0342321 -0.0167978 -0.00800214
internal_weight=225.981 179.791 83.1717 56.8511 50.3213 46.19 96.6191 71.0126 43.0831 30.3299 27.9295 17.6078 26.3206 18.6372
internal_count=1736 1082 608 407 357 654 474 346 213 153 133 81 201 129
is_linear=0
shrinkage=0.045


Tree=48
num_leaves=15
num_cat=0
split_feature=0 13 1 0 3 11 1 0 1 0 6 1 1 1
split_gain=9.13194 3.8621 3.82992 3.11982 3.09586 4.67988 3.9866 3.67897 3.34449 2.36203 2.34694 1.68364 2.29598 2.23873
threshold=5.3460466392979598 1.0000000180025095e-35 1.6989298729854243 4.7223608374029871 1.0000000180025095e-35 1.0000000180025095e-35 0.89906083963794792 6.3973099050625359 0.16019497450842965 7.3756415458025453 1.0000000180025095e-35 1.2970610188651328 0.77761488650647326 0.58716953624020596
decision_type=2 2 2 2 2 2 2 2 2 2 2 2 2 2
left_child=1 -1 -3 -4 5 7 -7 8 10 -8 -2 12 13 -9
right_child=4 2 3 -5 -6 6 9 11 -10 -11 -12 -13 -14 -15
leaf_value=-0.040429467013914942 -0.01385174018280637 -0.021069485710455298 0.029822680703508634 -0.017354734765395365 0.019679227539000786 0.043292368246097473 0.0016212592853099537 0.0027399463044331758 -0.03357390649993764 0.023048058709021935 0.042096727002010628 -0.020671205801009701 0.032748758562509812 -0.028863115833577233
leaf_weight=11.613727774471043 4.0075532309711006 21.81525906547904 6.8394271507859212 4.4631942063570023 23.478110384196043 7.1306012719869605 38.533041588962078 61.406417444348335 13.541859488934277 14.37635353207588 2.1396303661167622 6.7042136192321768 4.5719419568777075 4.6961612552404395
leaf_count=192 55 373 52 29 141 33 175 332 165 69 16 38 27 29
internal_value=-6.69724e-06 -0.0181825 -0.01005 0.0108241 0.00448573 0.00216448 0.0120371 -0.003908 -0.0211754 0.00759287 0.00562594 0.000470961 0.00259268 0.00034659
internal_weight=225.317 44.7316 33.1179 11.3026 180.586 157.108 60.04 97.0678 19.689 52.9094 6.14718 77.3787 70.6745 66.1026
internal_count=1726 646 454 81 1080 939 277 662 236 244 71 426 388 361
is_linear=0
shrinkage=0.045


Tree=49
num_leaves=15
num_cat=0
split_feature=0 0 2 1 14 13 1 1 0 10 9 0 16 14
split_gain=10.3182 3.26271 3.51188 4.40663 2.52075 2.80859 2.42084 2.72529 2.39911 2.77155 1.6492 1.4118 1.18797 3.05756
threshold=5.0390548140434204 6.5924450451070937 1.0000000180025095e-35 3.5216125711955826 1.0000000180025095e-35 1.0000000180025095e-35 2.886768104219275 5.5995879585675565 6.0806197084594658 1.0000000180025095e-35 1.0000000180025095e-35 5.6572851249412439 1.0000000180025095e-35 1.0000000180025095e-35
decision_type=2 2 2 2 2 2 2 2 2 2 2 2 2 2
left_child=6 2 3 8 5 -4 -1 -8 9 11 12 -2 13 -3
right_child=1 10 4 -5 -6 -7 7 -9 -10 -11 -12 -13 -14 -15
leaf_value=-0.028857435728188188 -0.038442553340224818 -0.030688516497136598 -0.049892444970029093 0.015040855394518738 0.013947238065041907 0.0030041619880458062 0.026217345133213617 -0.026348405404106084 -0.042432750432054571 0.027772226733838775 -0.0063386707819135203 -0.0058921078982433232 0.011251194843240952 0.012707239318696065
leaf_weight=27.868047773838043 5.4402598217129761 4.8965401276946041 2.7942126989364624 6.9771923348307601 21.964588336646557 5.8330241814255732 3.7740631550550452 3.8146907463669777 9.518504932522772 2.5522554069757453 14.502103082835673 6.0776349976658821 100.10864096879959 8.9699574708938599
leaf_count=476 91 25 25 34 166 58 27 32 83 12 90 72 486 45
internal_value=-0.000532567 0.00361936 -0.00488023 -0.0156605 0.00577655 -0.0143606 -0.0227604 0 -0.0249809 -0.01243 0.00770159 -0.0220444 0.00953545 -0.00251523
internal_weight=225.092 189.635 61.1577 30.5658 30.5918 8.62724 35.4568 7.58875 23.5887 14.0702 128.477 11.5179 113.975 13.8665
internal_count=1722 1187 541 292 249 83 535 59 258 175 646 163 556 70
is_linear=0
shrinkage=0.045


Tree=50
num_leaves=15
num_cat=0
split_feature=0 1 0 1 6 11 1 1 1 1 14 1 1 0
split_gain=9.97436 3.59004 3.2091 2.83614 2.32297 2.69175 5.21053 2.46039 2.73577 2.46594 1.97665 1.91974 4.16317 1.62098
threshold=5.0390548140434204 2.4237389820306152 7.3756415458025453 5.5995879585675565 1.0000000180025095e-35 1.0000000180025095e-35 0.84053025701417072 3.3839142021814461 2.6867275320915898 1.7339855885249482 1.0000000180025095e-35 5.3217453425797929 8.0279336124920864 6.5924450451070937
decision_type=2 2 2 2 2 2 2 2 2 2 2 2 2 2
left_child=1 -1 4 -3 5 13 -7 8 9 -8 -6 -9 -13 -2
right_child=2 3 -4 -5 10 6 7 11 -10 -11 -12 12 -14 -15
leaf_value=-0.028948596039355647 -0.016008278354679478 0.023239696442119859 0.013061666345879904 -0.025944808085093304 -0.006366688873690819 0.052666419495299328 -0.0224303529258193 0.025799829828116641 -0.038007608484254635 0.017051735847404957 0.027960585365420527 -0.030351996536627023 0.018264099821998423 -0.00052626802990046111
leaf_weight=26.298534709960222 27.421593334525824 5.6395951658487302 69.806265592575073 3.7697461992502213 4.6073409616947147 4.2561240866780272 5.3754314109683055 9.8752030730247515 5.1895283907651892 7.3265083655714989 10.484608236700296 5.4445422887802115 9.484403192996977 28.427361264824867
leaf_count=477 342 40 330 32 34 20 27 44 23 35 64 26 42 184
internal_value=0.00125461 -0.0204518 0.00542535 0.00293632 0.000851194 -0.00154 0.00633314 0.00138546 -0.0111413 0 0.0172405 0.0106179 6.96531e-05 -0.00823815
internal_weight=223.407 35.7079 187.699 9.40934 117.893 102.801 46.9517 42.6956 17.8915 12.7019 15.0919 24.8041 14.9289 55.849
internal_count=1720 549 1171 72 841 743 217 197 85 62 98 112 68 526
is_linear=0
shrinkage=0.045


Tree=51
num_leaves=15
num_cat=0
split_feature=0 14 11 1 16 4 1 1 1 0 0 13 1 2
split_gain=13.2047 2.45385 3.26162 2.93734 2.7038 2.84009 3.82176 3.72729 2.31113 7.13618 4.02387 2.23653 1.86852 1.75861
threshold=5.0390548140434204 1.0000000180025095e-35 1.0000000180025095e-35 2.7376921000040704 1.0000000180025095e-35 1.0000000180025095e-35 1.0971362037012093 3.6276119950872698 0.30264270730792897 6.9480880214647591 6.9480880214647591 1.0000000180025095e-35 1.6989298729854243 1.0000000180025095e-35
decision_type=2 2 2 2 2 2 2 2 2 2 2 2 2 2
left_child=12 4 -3 -4 -2 6 8 -8 9 -6 -10 -5 -1 -7
right_child=1 2 3 11 5 13 7 -9 10 -11 -12 -13 -14 -15
leaf_value=-0.032495701360669982 -0.027645141963655067 0.0027959617864131109 0.032720824554694224 -0.015119655596695985 -0.031642527196871814 -0.048628525753468349 -0.030567738784514884 0.0089392856328673886 0.063643074072733452 0.026470769454730855 0.0089591380752771978 0.015809531986126685 -0.0096342594368161952 -0.0036768097348871148
leaf_weight=24.27143781259656 7.5591112636029711 81.883053619414568 16.982392460107803 5.9958838820457485 6.7035636231303277 3.2651999481022349 9.5101560391485709 9.2447340041398984 4.3541219644248468 10.985381104052065 7.5785904824733734 18.789508998394012 11.504753228276966 4.1476128362119198
leaf_count=470 50 577 78 27 73 30 51 44 40 51 37 86 96 30
internal_value=-0.000376455 0.00440196 0.0080965 0.0183178 -0.00274146 0.000639157 0.00471995 -0.0109675 0.0148103 0.00408853 0.0300038 0.00808615 -0.0253635 -0.0248256
internal_weight=222.776 186.999 123.651 41.7678 63.3485 55.7894 48.3765 18.7549 29.6217 17.6889 11.9327 24.7854 35.7762 7.41281
internal_count=1740 1174 768 191 406 356 296 95 201 124 77 113 566 60
is_linear=0
shrinkage=0.045


Tree=52
num_leaves=15
num_cat=0
split_feature=0 1 9 2 14 10 1 2 14 0 1 0 13 1
split_gain=6.37355 2.99026 2.44138 2.66842 1.9224 2.9487 3.27357 2.14563 1.85575 2.99933 2.89703 3.80951 1.8333 1.82468
threshold=5.8313547596408082 0.35597600536544471 1.0000000180025095e-35 1.0000000180025095e-35 1.0000000180025095e-35 1.0000000180025095e-35 0.55144224458880997 1.0000000180025095e-35 1.0000000180025095e-35 7.0238606655645359 0.23852676700386954 6.7951908456151333 1.0000000180025095e-35 2.9901439433008092
decision_type=2 2 2 2 2 2 2 2 2 2 2 2 2 2
left_child=1 -1 8 -4 12 6 -6 -8 9 10 -2 -12 -3 -7
right_child=2 4 3 -5 5 13 7 -9 -10 -11 11 -13 -14 -15
leaf_value=-0.02635579211197004 -0.044168394725150023 -0.046970605757300603 -0.029924869183675713 0.0038692857206320225 0.028341028840035101 0.040158078972371697 -0.040653316767645588 -0.0024527466503164765 0.010863143249060793 0.0086305191061871941 0.010781268147231507 -0.03908861877832466 -0.0074031902523175605 0
leaf_weight=19.511683072894812 4.5848024189472225 3.2848348580300799 7.685115411877633 11.258513752371073 3.4094979390501985 5.077203057706356 5.4574051313102228 6.9180461764335632 97.749154660850763 32.565107017755508 10.500854555517433 4.1448682919144622 8.9404587261378747 4.2075741142034531
leaf_count=387 37 46 62 75 66 31 72 76 528 154 66 22 99 25
internal_value=0.000858447 -0.0121269 0.00527237 -0.00977478 -0.00446179 0.00253499 -0.00908068 -0.0200351 0.00721903 0.000239957 -0.0136797 -0.00336569 -0.0189817 0.0225322
internal_weight=225.295 56.8067 168.488 18.9436 37.295 25.0697 15.7849 12.3755 149.545 51.7956 19.2305 14.6457 12.2253 9.28478
internal_count=1746 802 944 137 415 270 214 148 807 279 125 88 145 56
is_linear=0
shrinkage=0.045


Tree=53
num_leaves=15
num_cat=0
split_feature=0 14 2 0 0 0 1 10 0 0 0 1 0 1
split_gain=7.45128 3.20531 3.65338 4.74472 6.03653 5.43982 3.08259 3.894 3.18666 2.35078 4.24225 3.64574 3.60098 2.77301
threshold=5.1668203791242453 1.0000000180025095e-35 1.0000000180025095e-35 7.5951556757954117 6.7951908456151333 6.5924450451070937 3.7674376002499108 1.0000000180025095e-35 7.5569551863189988 6.7951908456151333 7.616370851042352 0.78291719031043927 6.1054178349761008 0.18768892771771931
decision_type=2 2 2 2 2 2 2 2 2 2 2 2 2 2
left_child=-1 6 9 4 5 -4 8 -8 -2 12 13 -12 -3 -11
right_child=1 2 3 -5 -6 -7 7 -9 -10 10 11 -13 -14 -15
leaf_value=-0.018866615813195597 -0.017947578050702039 0.0067730969628363525 0.012644215560422908 0.038943192586908155 -0.011462223916944748 0.068256428488421367 -0.0087749402747051199 0.043294039104772065 0.0047554822481174928 0.046623186035157235 -0.026071521322719306 0.014977159885826125 -0.026738397333436338 0.010255154726727361
leaf_weight=35.397868331521749 32.131301578134298 12.555612310767176 20.544009018689398 13.964199274778364 17.464007712900639 4.2453024908900252 5.661349989473818 5.437382698059082 19.892443314194679 5.941606022417548 10.226031571626665 7.2444922327995291 12.768281444907187 15.934034079313276
leaf_count=574 251 125 149 64 90 22 29 25 92 34 49 35 89 83
internal_value=0 0.00362289 0.00792368 0.0162953 0.0085563 0.0228182 -0.00454163 0.0166507 -0.00919542 0.000549052 0.00748424 -0.00881837 -0.0100242 0.0206698
internal_weight=219.408 184.01 120.888 56.2175 42.2533 24.7893 63.1225 11.0987 52.0237 64.6701 39.3462 17.4705 25.3239 21.8756
internal_count=1711 1137 740 325 261 171 397 54 343 415 201 84 214 117
is_linear=0
shrinkage=0.045


Tree=54
num_leaves=15
num_cat=0
split_feature=0 1 14 2 6 0 9 1 1 11 0 1 1 1
split_gain=4.7171 3.96889 2.10043 1.62407 3.03331 2.8897 1.94961 1.76111 3.00246 2.94514 2.10225 4.38742 2.16509 1.67321
threshold=5.9485350739343916 0.35597600536544471 1.0000000180025095e-35 1.0000000180025095e-35 1.0000000180025095e-35 8.0576131402669002 1.0000000180025095e-35 0.31395490369458007 0.22545453652471201 1.0000000180025095e-35 6.9346256772308026 4.814784687624738 3.5216125711955826 0.12319648660154559
decision_type=2 2 2 2 2 2 2 2 2 2 2 2 2 2
left_child=1 -1 -3 6 5 13 7 8 -2 -9 12 -12 -11 -5
right_child=3 2 -4 4 -6 -7 -8 9 -10 10 11 -13 -14 -15
leaf_value=-0.026836278371191437 0.0012826386692090296 -0.018121536693140698 0.0042477889125275316 -0.015116567148827224 0.034759540103985333 0.036846384033024156 -0.022254647175872947 -0.017454109264834976 0.03507008415628679 -0.026922071651435842 0.035515024422902768 -0.01300387511669532 0.0092364929790784821 0.0058181861847489812
leaf_weight=19.978610754013062 18.715057179331783 11.789871025830506 28.549251053482294 8.6277311742305738 8.0168640017509443 5.3940295428037635 7.2466021776199332 18.03312162309885 7.4266960844397536 6.0205075219273585 9.5524854958057386 5.8499799668788901 6.8743946403264999 58.440549165010452
leaf_count=403 104 141 299 54 34 24 58 123 39 28 44 26 31 313
internal_value=0.000163666 -0.0105204 -0.00223621 0.0042226 0.00872556 0.00569561 -0.000277458 0.00191335 0.0112456 -0.00328135 0.00565176 0.0168683 -0.00745529 0.00302128
internal_weight=220.516 60.3177 40.3391 160.198 80.4792 72.4623 79.7188 72.4722 26.1418 46.3305 28.2974 15.4025 12.8949 67.0683
internal_count=1721 843 440 878 425 391 453 395 143 252 129 70 59 367
is_linear=0
shrinkage=0.045


Tree=55
num_leaves=15
num_cat=0
split_feature=0 10 1 6 3 1 0 13 1 7 1 1 0 0
split_gain=5.03352 5.01661 3.52338 2.58971 3.0663 3.92603 3.40926 4.35899 5.0993 5.91015 2.54763 3.25398 2.48255 3.79941
threshold=5.6947762164947626 1.0000000180025095e-35 0.35597600536544471 1.0000000180025095e-35 1.0000000180025095e-35 0.071533975964733029 6.4254097416193616 1.0000000180025095e-35 0.15674273059990482 1.0000000180025095e-35 0.24340568873377513 0.59645685809869664 5.5023342221876481 5.0390548140434204
decision_type=2 2 2 2 2 2 2 2 2 2 2 2 2 2
left_child=2 3 -1 4 5 -2 -7 10 -9 -10 -8 -12 13 -4
right_child=1 -3 12 -5 -6 6 7 8 9 -11 11 -13 -14 -15
leaf_value=-0.029128248434041482 -0.044165826756105503 0.021235887458778361 -0.010012515991123747 0.014178700360880165 0.012015206627943023 -0.022545293938393739 -0.040868648137315701 0.038323177027301626 -0.010401309836753704 0.024152014285253716 0.017545683239821485 -0.024809745520954805 -0.040035131959102313 0.025442037911223243
leaf_weight=17.781341440975666 5.0873042568564406 25.867901742458344 21.24539797753096 21.105078794062138 22.378214199095964 16.442150555551052 6.3477778136730221 8.484571844339369 31.033654600381851 14.551378950476645 6.1843727976083747 8.295090474188326 3.2873659878969184 8.3646701090037805
leaf_count=378 40 120 292 102 126 157 37 47 180 64 37 42 29 77
internal_value=-0.000665126 0.00310945 -0.0130644 -0.000235364 -0.0028533 -0.00636821 -0.00412195 0 0.0067114 0.000587629 -0.0174222 -0.00642005 -0.00412228 0
internal_weight=216.456 165.777 50.6788 139.91 118.805 96.4263 91.339 74.8968 54.0696 45.585 20.8272 14.4795 32.8974 29.6101
internal_count=1728 952 776 832 730 604 564 407 291 244 116 79 398 369
is_linear=0
shrinkage=0.045


Tree=56
num_leaves=15
num_cat=0
split_feature=0 13 14 0 11 1 1 0 1 0 1 4 0 0
split_gain=5.16598 3.13043 2.25186 2.4993 2.48926 4.04548 2.63337 2.24911 2.86074 2.61111 2.49718 2.05069 3.15646 1.99017
threshold=5.3460466392979598 1.0000000180025095e-35 1.0000000180025095e-35 7.0238606655645359 1.0000000180025095e-35 4.814784687624738 0.59645685809869664 5.2240444375777075 1.6989298729854243 5.1668203791242453 5.3217453425797929 1.0000000180025095e-35 4.2963419893582619 6.4397913603439259
decision_type=2 2 2 2 2 2 2 2 2 2 2 2 2 2
left_child=1 -1 3 -2 6 -6 -4 8 9 11 -10 -3 -13 -8
right_child=2 7 4 -5 5 -7 13 -9 10 -11 -12 12 -14 -15
leaf_value=-0.034849274481380817 -0.013280431473598562 -0.024950870947024497 0.0076258279412121915 0.0050299773773924607 0.028019795254223143 -0.002817306327869991 -0.037728443257415416 -0.049813970796320377 0.033089036612079452 0.043705825373653834 -0.012980876511559891 -0.036569736468321679 0.054376715469752902 -0.0025000787643602996
leaf_weight=10.271230999380348 25.932975076138973 14.220778297632945 61.590283147990704 35.1586779281497 24.750017210841179 12.723589226603506 4.3923353068530586 2.0064003244042388 6.454674977809189 1.2846528589725483 3.4039441868662834 1.1102533377706998 1.6184066794812677 12.312564961612223
leaf_count=191 206 282 405 172 116 58 51 25 48 18 26 25 35 68
internal_value=0.000904974 -0.0135535 0.00424227 -0.00268721 0.00793612 0.0174707 0.00328247 -0.00595578 -0.00233435 -0.01299 0.016793 -0.0180092 0.0158651 -0.0123659
internal_weight=217.231 40.3703 176.86 61.0917 115.769 37.4736 78.2952 30.0991 28.0927 18.2341 9.85862 16.9494 2.72866 16.7049
internal_count=1726 650 1076 378 698 174 524 459 434 360 74 342 60 119
is_linear=0
shrinkage=0.045


Tree=57
num_leaves=15
num_cat=0
split_feature=0 10 0 1 1 6 1 14 0 3 1 8 0 1
split_gain=5.52939 3.47501 3.56075 2.393 2.50121 2.21943 2.98005 2.13428 2.22329 2.52616 2.14587 1.87791 2.54781 1.67452
threshold=5.3460466392979598 1.0000000180025095e-35 8.0271053883027239 1.6989298729854243 2.9901439433008092 1.0000000180025095e-35 0.31133753715810381 1.0000000180025095e-35 6.742686594226579 1.0000000180025095e-35 0.69932150168007889 1.0000000180025095e-35 6.9879948526472333 1.2270637310296595
decision_type=2 2 2 2 2 2 2 2 2 2 2 2 2 2
left_child=3 2 7 5 -5 -1 -7 8 9 -2 -10 -9 -13 -3
right_child=1 13 -4 4 -6 6 -8 11 10 -11 -12 12 -14 -15
leaf_value=-0.029340517775569144 -0.03144955497233029 0.043328922896628909 0.02280673150760636 0.025538755230492826 -0.01314321351051956 -0.027712732113081433 0.037374368550606704 0.0055357090361367444 0.0062307398530528297 0.016808364194146105 -0.019444683794122709 -0.039501922295960737 0.0034733491391860031 0.01325267473067928
leaf_weight=20.260100468993191 12.275807391852139 4.6824096590280559 14.034299075603483 4.969635095447301 9.6015798002481443 2.7851183749735346 2.5038725137710571 79.965625546872616 20.782047584652904 2.4022634215652934 9.3625026568770391 4.4775525815784913 6.450943797826767 22.337400436401367
leaf_count=436 126 22 61 45 72 57 48 510 108 21 49 46 30 104
internal_value=0.000660401 0.00410602 0.00138322 -0.0143545 0 -0.022602 0.00251954 -0.000829351 -0.00886943 -0.0231293 -0.00167101 0.00309682 -0.0141233 0.0189101
internal_weight=216.891 176.771 149.751 40.1203 14.5712 25.5491 5.28899 135.717 44.8226 14.6781 30.1446 90.8941 10.9285 27.0198
internal_count=1735 1077 951 658 117 541 105 890 304 147 157 586 76 126
is_linear=0
shrinkage=0.045


Tree=58
num_leaves=15
num_cat=0
split_feature=0 1 6 1 1 0 0 0 0 1 1 2 10 2
split_gain=4.15436 2.40773 4.39004 2.44296 3.22816 3.14622 2.32359 4.38216 2.99686 2.86185 4.26978 3.44675 1.67014 3.28677
threshold=6.5924450451070937 1.5295070471476684 1.0000000180025095e-35 0.66598016770641899 0.31133753715810381 5.8708733878268999 4.6918033618167527 4.8761178327147432 4.7742672693094628 0.48877205349764524 0.98615419855867226 1.0000000180025095e-35 1.0000000180025095e-35 1.0000000180025095e-35
decision_type=2 2 2 2 2 2 2 2 2 2 2 2 2 2
left_child=1 2 6 4 5 -4 -1 8 -8 -9 11 -11 13 -2
right_child=12 -3 3 -5 -6 -7 7 9 -10 10 -12 -13 -14 -15
leaf_value=-0.037741311140950098 -0.0047502422549462178 0.001583136723266935 -0.029101976275773281 -0.029381402920587319 0.054801532898198224 0.039324265007436424 0.089207566266484351 -0.028042337446633959 -0.0047786871977109277 -0.01493564435334001 -0.041458030964344514 0.040582589356725596 0.01774046171619854 0.010871796048854184
leaf_weight=10.713310264050959 54.51808112859726 36.029226664453745 3.0106175132095796 2.0244665406644335 3.5325839966535568 2.1615869849920273 1.1562647260725492 20.334558915346861 1.1824369169771669 3.7472986020147783 3.4472595304250708 4.946962233632803 18.210606202483177 53.763973616063595
leaf_count=250 288 235 62 25 42 14 27 279 27 51 38 40 90 264
internal_value=-0.00011539 -0.00738639 -0.0131958 0.0122722 0.0229072 0 -0.0193234 -0.0133441 0.0432831 -0.0177997 -0.000104249 0.01635 0.00515716 0.00297064
internal_weight=218.779 92.2866 56.2573 10.7293 8.70479 5.1722 45.5281 34.8148 2.3387 32.4761 12.1415 8.69426 126.493 108.282
internal_count=1732 1090 855 143 118 76 712 462 54 408 129 91 642 552
is_linear=0
shrinkage=0.045


Tree=59
num_leaves=15
num_cat=0
split_feature=0 1 14 10 0 0 1 1 4 0 0 8 2 1
split_gain=7.30566 2.28967 2.3517 3.20267 2.76679 2.89989 2.92521 2.7297 2.22638 2.23483 2.16847 3.0812 2.14699 1.83188
threshold=5.8313547596408082 0.31133753715810381 1.0000000180025095e-35 1.0000000180025095e-35 5.5023342221876481 5.0390548140434204 0.66598016770641899 2.9901439433008092 1.0000000180025095e-35 7.2522077617640717 7.1419752866463933 1.0000000180025095e-35 1.0000000180025095e-35 0.046881913771588617
decision_type=2 2 2 2 2 2 2 2 2 2 2 2 2 2
left_child=1 13 -3 4 5 6 -4 -5 9 10 11 -2 -10 -1
right_child=8 2 3 7 -6 -7 -8 -9 12 -11 -12 -13 -14 -15
leaf_value=0.018770480834318714 0.0069612440206939042 -0.024621303815197566 0.015643656650264261 0.04066395518046987 -0.051728446322677153 0.029941838524833023 -0.034255386152746384 -0.0074256061050563009 -0.026307410887091612 0.012565506475087581 -0.0205531225802188 -0.024631389038283928 0.0048051913544048079 -0.033777636084371399
leaf_weight=1.2410568855702866 65.45980753749609 11.783641859889029 3.4491894766688365 5.394398473203184 2.7883388921618453 3.5741897597908965 6.3335427455604076 3.8426385223865509 8.4929758757352829 67.700576327741146 7.9347336739301673 6.6695415638387194 8.7792801298201084 14.18399617448449
leaf_count=30 391 160 75 32 27 41 90 23 72 321 43 60 54 323
internal_value=6.72462e-05 -0.0144852 -0.00818606 -0.000247319 -0.0124683 -0.0032984 -0.0162503 0.0204483 0.00474371 0.00655142 0.00139132 0.00391774 -0.0103617 -0.0290756
internal_weight=217.628 52.591 37.1659 25.3823 16.1453 13.3569 9.78273 9.23704 165.037 147.765 80.0641 72.1293 17.2723 15.4251
internal_count=1742 801 448 288 233 206 165 55 941 815 494 451 126 353
is_linear=0
shrinkage=0.045


Tree=60
num_leaves=15
num_cat=0
split_feature=0 13 1 1 10 0 1 1 1 14 3 0 0 6
split_gain=4.80995 2.76499 2.20784 3.46703 1.9839 2.13691 1.82504 2.54169 1.72628 1.62387 1.76422 2.12575 1.66923 2.17589
threshold=5.0390548140434204 1.0000000180025095e-35 1.6989298729854243 5.5995879585675565 1.0000000180025095e-35 8.0271053883027239 1.2732230040631627 3.3839142021814461 4.9897837129372844 1.0000000180025095e-35 1.0000000180025095e-35 6.494270359993858 6.8519163600499082 1.0000000180025095e-35
decision_type=2 2 2 2 2 2 2 2 2 2 2 2 2 2
left_child=1 -1 -3 -4 5 9 -6 -8 -9 10 11 -2 -13 -14
right_child=4 2 3 -5 6 -7 7 8 -10 -11 -12 12 13 -15
leaf_value=-0.040430952203803223 -0.030569372150060805 -0.019537320571320675 0.02596567161330288 -0.032008779611215829 0.037439129930170519 0.017011701323016642 -0.0081094711690064998 0.040131325216572526 0.007215002249548047 0.0020378483942659655 0.01312375374766874 0.013150535640730597 -0.018504887998279006 0.015425965950731549
leaf_weight=7.3614304959774044 9.2836437821388227 14.788625400513412 6.5743542425334436 2.7830838784575462 5.0206099599599865 14.040672987699507 11.127438716590406 5.3458059132099143 9.0286726206541044 95.188937112689018 6.3548702970147124 6.8666131794452694 18.644268564879898 4.4964212328195563
leaf_count=152 126 323 50 24 25 61 52 27 41 643 43 42 103 19
internal_value=-0.00026701 -0.0164831 -0.0087251 0.00794311 0.00247938 0.000376767 0.01293 0.00767592 0.0201479 -0.00127154 -0.0082498 -0.0118696 -0.00577127 -0.0116434
internal_weight=216.905 31.5075 24.1461 9.35744 185.398 154.875 30.5225 25.5019 14.3745 140.835 45.6458 39.2909 30.0073 23.1407
internal_count=1731 549 397 74 1182 1037 145 120 68 976 333 290 164 122
is_linear=0
shrinkage=0.045


Tree=61
num_leaves=15
num_cat=0
split_feature=0 2 10 0 1 0 14 0 0 1 1 1 1 0
split_gain=4.44359 2.14133 3.23091 2.61006 2.52285 2.75341 4.18268 2.27961 3.4326 2.02386 3.97403 1.99112 1.97956 1.84135
threshold=5.0390548140434204 1.0000000180025095e-35 1.0000000180025095e-35 6.3144475986969324 0.065345538891304303 7.5951556757954117 1.0000000180025095e-35 6.0271753052324 5.8313547596408082 0.20406220225542557 0.15330571806573742 2.7376921000040704 1.6989298729854243 5.3603273828005031
decision_type=2 2 2 2 2 2 2 2 2 2 2 2 2 2
left_child=12 2 3 7 -3 9 -7 8 -2 10 -6 -4 -1 -11
right_child=1 4 11 -5 5 6 -8 -9 -10 13 -12 -13 -14 -15
leaf_value=-0.024043922305910556 -0.028703080443869003 -0.027412980247972688 0.038859513006187139 -0.0012471498173271449 0.0067935885794274111 0.0022726959712973619 0.038053101289342833 -0.043459616572128296 0.020418953468912728 0.038552014546337776 -0.044306757408635072 0.0044770136110483883 0 0.005460213799791616
leaf_weight=19.728947328403596 6.8343565911054629 3.7384414672851554 5.1848722100257865 60.610051173716784 8.092278875410555 12.940509989857674 14.035007700324059 5.9147076569497576 4.604232095181942 3.5585604757070533 4.6285493746399871 10.473032236099241 11.102127868682144 47.115468516945839
leaf_count=461 121 30 25 333 68 59 66 56 46 33 42 48 98 273
internal_value=0.000194519 0.00281956 -0.00195964 -0.0057558 0.00761579 0.00917188 0.0211974 -0.0210532 -0.00853285 0.00393349 -0.0118493 0.0164925 -0.0155595 0.00801495
internal_weight=218.561 187.73 93.6213 77.9633 94.1088 90.3704 26.9755 17.3533 11.4386 63.3949 12.7208 15.6579 30.8311 50.674
internal_count=1759 1200 629 556 571 541 125 223 167 416 110 73 559 306
is_linear=0
shrinkage=0.045


Tree=62
num_leaves=15
num_cat=0
split_feature=0 2 0 1 1 10 16 5 1 1 14 8 1 0
split_gain=3.37174 2.18096 3.0672 3.88879 3.74557 2.80112 2.55658 2.45859 2.43415 2.90975 2.37756 2.25727 3.99992 2.67074
threshold=5.0390548140434204 1.0000000180025095e-35 6.5924450451070937 1.8741488675332689 0.12067963097336079 1.0000000180025095e-35 1.0000000180025095e-35 1.0000000180025095e-35 0.30617662046660005 0.78291719031043927 1.0000000180025095e-35 1.0000000180025095e-35 0.044111176107738119 7.6418552612938262
decision_type=2 2 2 2 2 2 2 2 2 2 2 2 2 2
left_child=-1 2 3 4 -2 6 -4 11 -8 -10 -11 12 -3 -14
right_child=1 7 5 -5 -6 -7 8 -9 9 10 -12 -13 13 -15
leaf_value=-0.013131479194736298 0.0128023825188688 -0.055578579669566121 -0.027741508953938929 0.0050714685934448583 -0.038164807286883526 0.026786052466802133 0.01334155326984203 -0.011174687918571987 -0.025114510376860775 -0.016437089614989731 0.019746826896273616 -0.0078531764556818689 0.009989170874881638 0.030566340523329422
leaf_weight=29.96586361899972 3.4412674456834855 1.4379379749298085 5.8459752872586241 12.418188743293284 13.641257265582679 8.9331620186567289 24.496147148311138 11.633803665637968 10.007120244205 5.671777576208112 9.3909367471933365 11.161043081432579 53.264437649399042 17.33137683570385
leaf_count=551 49 10 34 67 184 44 127 77 58 30 45 74 329 84
internal_value=0.0008116 0.00306147 -0.001762 -0.0137586 -0.0276078 0.00369402 -3.07615e-05 0.00787596 0.00324547 -0.00646903 0.0057903 0.0106143 0.0135519 0.0151765
internal_weight=218.64 188.674 93.8458 29.5007 17.0825 64.3451 55.412 94.8286 49.566 25.0698 15.0627 83.1948 72.0338 70.5958
internal_count=1763 1212 638 300 233 338 294 574 260 133 75 497 423 413
is_linear=0
shrinkage=0.045


Tree=63
num_leaves=15
num_cat=0
split_feature=13 1 1 1 11 14 3 1 1 1 4 11 2 1
split_gain=3.2454 2.13524 3.95068 3.29951 2.54828 3.22222 2.01541 2.63054 3.03497 2.92935 3.75568 1.62992 1.3602 1.35138
threshold=1.0000000180025095e-35 3.5216125711955826 0.58716953624020596 5.5995879585675565 1.0000000180025095e-35 1.0000000180025095e-35 1.0000000180025095e-35 0.25422301669401509 0.069782260270035451 3.466972669629544 1.0000000180025095e-35 1.0000000180025095e-35 1.0000000180025095e-35 8.5482995019629175
decision_type=2 2 2 2 2 2 2 2 2 2 2 2 2 2
left_child=6 2 11 -3 12 -6 7 8 -1 10 -9 -2 -4 -5
right_child=1 3 4 13 5 -7 -8 9 -10 -11 -12 -13 -14 -15
leaf_value=0.016701687369771127 0.0067185821834804017 0.035326604662267683 -0.030701223177234015 -0.015933812343678102 -0.024442084761913192 0.012257321980407625 0.013354555657358042 0.0094327954067719676 -0.037780028097291987 -0.025701384865107573 -0.038897059518513875 0.041401704455454123 -0.006721344783277591 0.012084264402559856
leaf_weight=2.2830153945833436 78.617094557732344 10.676471434533598 11.199771825224161 5.0007544234395018 6.610703349113467 16.465276788920164 7.5098747331649056 23.664481015875939 11.186559421941636 9.7443890273570997 3.5569044649600974 2.7184691727161399 9.4930121302604675 10.121375061571596
leaf_count=27 722 57 117 29 43 93 65 196 113 56 40 16 84 53
internal_value=0.00113257 0.0046268 0.00214307 0.0163889 -0.00868419 0.00143083 -0.00787443 -0.0111646 -0.0281072 -0.00475191 0.00271599 0.00803169 -0.0200853 0.0024382
internal_weight=208.848 150.903 125.104 25.7986 43.7688 23.076 57.9452 50.4353 13.4696 36.9658 27.2214 81.3356 20.6928 15.1221
internal_count=1711 1214 1075 139 337 136 497 432 140 292 236 738 201 82
is_linear=0
shrinkage=0.045


Tree=64
num_leaves=15
num_cat=0
split_feature=0 8 0 0 0 9 0 2 0 13 0 0 0 10
split_gain=3.72027 2.23248 1.93513 1.63539 1.88567 2.5946 1.60286 2.47462 2.68503 1.87868 1.87914 1.65246 4.27656 3.04937
threshold=6.5924450451070937 1.0000000180025095e-35 4.8205443960293577 6.6997832210287909 6.9879948526472333 1.0000000180025095e-35 5.3460466392979598 1.0000000180025095e-35 6.1054178349761008 1.0000000180025095e-35 5.2240444375777075 4.5226137532655057 4.7223608374029871 1.0000000180025095e-35
decision_type=2 2 2 2 2 2 2 2 2 2 2 2 2 2
left_child=1 6 -3 -2 -5 -6 9 8 -8 -1 11 13 -13 -11
right_child=3 2 -4 4 5 -7 7 -9 -10 10 -12 12 -14 -15
leaf_value=-0.031254002550123769 0.023096015825205249 0.008405920286603915 -0.046369408270490332 -0.0087297609472853695 0.0086282784937066065 -0.015473691364062396 0.0026893810098478645 0.010209733795886867 -0.027405054407189426 -0.027852835552817826 -0.050085288538694102 0.050069072232817459 -0.0080092454140420054 0.020055824219113821
leaf_weight=8.1677283719181997 9.0738004893064481 1.5174276009201992 4.8106670714914799 21.029948741197586 84.822413012385368 9.819550044834612 13.626224271953108 24.369419485330582 10.169035185128449 9.1399723663926178 1.6595495827496041 3.4244332350790492 8.3789728023111802 3.5040943771600714
leaf_count=168 47 41 82 119 414 60 133 180 81 184 19 53 128 27
internal_value=-0.000160874 -0.0072138 -0.0326903 0.0048254 0.00331595 0.00605278 -0.00512938 7.99601e-05 -0.0101053 -0.0125383 -0.00631889 -0.00278305 0.00901918 -0.0141198
internal_weight=213.513 88.7675 6.32809 124.746 115.672 94.642 82.4394 48.1647 23.7953 34.2748 26.107 24.4475 11.8034 12.6441
internal_count=1736 1096 123 640 593 474 973 394 214 579 411 392 181 211
is_linear=0
shrinkage=0.045


Tree=65
num_leaves=15
num_cat=0
split_feature=0 1 1 2 0 1 0 1 1 1 1 1 10 2
split_gain=2.60312 2.15329 3.26229 1.18671 3.42403 2.64999 2.38347 3.21329 1.1658 3.14137 2.17097 1.61628 1.35361 2.86823
threshold=5.0856547615560377 2.886768104219275 5.5995879585675565 1.0000000180025095e-35 4.0250405301705738 0.4496978303006236 4.6918033618167527 0.39188398340088321 3.466972669629544 4.814784687624738 2.7376921000040704 8.0279336124920864 1.0000000180025095e-35 1.0000000180025095e-35
decision_type=2 2 2 2 2 2 2 2 2 2 2 2 2 2
left_child=1 3 -3 4 5 -1 -5 -8 10 -10 12 -11 -2 -14
right_child=8 2 -4 6 -6 -7 7 -9 9 11 -12 -13 13 -15
leaf_value=-0.0065128519249334372 0.00046803253000484416 0.037487721247952376 -0.021640437416995756 -0.041638882358105832 -0.021011342533155293 0.079260445523725548 0.039725968790023249 -0.040882997500065535 0.029891123579572878 -0.014067331833503562 -0.02487766665630374 0.011110328641523743 0.039676971764057781 -0.0028501662596428856
leaf_weight=1.2612848002463626 131.08211228623986 3.754766307771205 3.3491240963339806 8.2468577399849874 8.6421828977763635 1.2224451862275598 1.9292658250778925 1.684066694229841 10.622555345296862 9.0885260477662104 6.2157569974660865 11.423954188823698 5.4908227324485761 6.9063970521092415
leaf_count=35 917 27 33 173 191 21 46 31 53 45 31 54 27 33
internal_value=0.000308303 -0.0118774 0.00916643 -0.0185981 -0.00728945 0.036787 -0.0285366 0.000802672 0.00237173 0.0102754 0.000686316 0 0.0018582 0.0159591
internal_weight=210.92 30.09 7.10389 22.9861 11.1259 2.48373 11.8602 3.61333 180.83 31.135 149.695 20.5125 143.479 12.3972
internal_count=1717 557 60 497 247 56 250 77 1160 152 1008 99 977 60
is_linear=0
shrinkage=0.045


Tree=66
num_leaves=15
num_cat=0
split_feature=1 0 2 1 1 2 1 1 6 0 1 1 0 1
split_gain=2.9964 3.81332 2.74033 2.57122 2.51361 2.48601 3.09369 5.18876 2.70421 2.60335 2.24142 2.89371 2.42017 2.377
threshold=2.4237389820306152 4.6918033618167527 1.0000000180025095e-35 1.6989298729854243 5.3217453425797929 1.0000000180025095e-35 1.1740030818902116 0.23710752404506044 1.0000000180025095e-35 6.5924450451070937 0.15891227420555962 0.12319648660154559 7.3893914521508908 0.10574294072834746
decision_type=2 2 2 2 2 2 2 2 2 2 2 2 2 2
left_child=1 2 3 -1 -2 9 7 10 -9 -3 11 13 -12 -7
right_child=4 5 -4 -5 -6 6 -8 8 -10 -11 12 -13 -14 -15
leaf_value=-0.018405130245430258 0.017307158589158985 -0.022141624156345317 -0.045946442742193158 0.048313691987748555 -0.0027746052547012135 0.00022698841805110531 -0.020046640740157797 0.012589376433054748 0.047540474024548647 -0.002816851902900307 -0.043762022144148913 0.026459356031483416 0 -0.042104936087057468
leaf_weight=6.5328745506703836 27.129914551973343 19.897785509005189 7.1235799212008715 1.1986855566501615 22.745610505342484 10.828788090497261 9.8175595030188543 32.774870654568076 5.2318336628377429 50.051909565925598 5.5087128803133947 6.2738783434033385 4.4699894338846207 3.2837021797895423
leaf_count=166 145 302 164 13 126 89 61 221 32 273 60 41 19 24
internal_value=-0.00151439 -0.00448551 -0.0260932 -0.00653639 0.00808455 -0.00225613 0.00321316 0.00666741 0.017742 -0.00842555 -0.00707242 0.00131723 -0.0243436 -0.00975914
internal_weight=212.87 162.994 14.8551 7.73156 49.8755 148.139 78.1893 68.3718 38.0067 69.9497 30.3651 20.3864 9.9787 14.1125
internal_count=1736 1465 343 179 271 1122 547 486 253 575 233 154 79 113
is_linear=0
shrinkage=0.045


Tree=67
num_leaves=15
num_cat=0
split_feature=0 5 10 14 0 0 2 0 0 13 0 0 0 4
split_gain=2.55629 3.71079 1.88929 3.30533 1.02278 1.36032 1.51996 2.33345 1.30913 1.1821 1.43986 1.11368 6.1536 0.993361
threshold=6.4254097416193616 1.0000000180025095e-35 1.0000000180025095e-35 1.0000000180025095e-35 6.3482591658134258 5.8313547596408082 1.0000000180025095e-35 6.1054178349761008 6.0271753052324 1.0000000180025095e-35 4.1044632932877976 4.5226137532655057 4.7223608374029871 1.0000000180025095e-35
decision_type=2 2 2 2 2 2 2 2 2 2 2 2 2 2
left_child=1 2 4 -4 5 9 7 -7 -8 10 -1 -11 -13 -2
right_child=13 -3 3 -5 -6 6 8 -9 -10 11 -12 12 -14 -15
leaf_value=0.011599299427082578 0.0053413658323380967 -0.038980216971411977 -0.017559317240821999 0.022374373064145827 -0.034461430516900211 0.0098963536469191503 -0.0021185307526242654 -0.032260071709670837 0.03323765467143118 -0.019472044935179685 -0.034746075804079291 0.068331766819160561 -0.010708178693398551 -0.007128078849547091
leaf_weight=1.4097041189670578 117.45968799293041 6.2870597708970299 6.0197513848543176 12.328993991017342 2.6092093661427489 6.0716192573308962 3.3328923285007468 4.319922998547554 4.6419712901115417 8.0973791964352149 6.8827770818024874 2.1395729109644881 13.273373706266282 14.07088031619787
leaf_count=36 592 134 42 67 23 59 30 42 31 177 142 39 211 92
internal_value=0.000126606 -0.00632952 -0.00327917 0.00898248 -0.00764476 -0.00602944 0.00351195 -0.00748209 0.0182206 -0.0116678 -0.02625 -0.0061566 0.000710427 0.00396445
internal_weight=208.945 77.4142 71.1272 18.3487 52.7784 50.1692 18.3664 10.3915 7.97486 31.8028 8.29248 23.5103 15.4129 131.531
internal_count=1717 1033 899 109 790 767 162 101 61 605 178 427 250 684
is_linear=0
shrinkage=0.045


Tree=68
num_leaves=15
num_cat=0
split_feature=0 6 1 0 1 0 1 0 16 1 1 1 1 0
split_gain=2.31641 2.77596 2.27189 2.71444 2.48251 2.14206 5.00287 1.66656 1.61316 1.5298 1.51793 2.54291 2.27186 3.67975
threshold=7.3756415458025453 1.0000000180025095e-35 2.4237389820306152 4.6918033618167527 2.7376921000040704 4.8761178327147432 0.39188398340088321 6.6405651202541023 1.0000000180025095e-35 1.8417466426033959 0.23967619918311656 0.15891227420555962 0.11804444683187747 7.1790013417637022
decision_type=2 2 2 2 2 2 2 2 2 2 2 2 2 2
left_child=1 2 3 -1 -4 6 -5 -6 -2 10 11 12 13 -7
right_child=8 -3 4 5 7 9 -8 -9 -10 -11 -12 -13 -14 -15
leaf_value=-0.030656081105989177 -0.011667379319054335 0.012862292256421357 0.033430353703021658 0.077588483054075855 0.0055776319057057608 -0.028843633830733441 -0.037270156124455417 -0.014548174096144298 0.0092950300291094363 -0.03647737971854205 -0.0011531657911364979 -0.035634513346097088 0.018442274140101057 0.032963971423020766
leaf_weight=11.049020882695912 8.1066786497831327 18.48708063736558 4.5628505349159232 1.6437402255833142 24.831021659076214 9.3398785758763605 1.0964449401944873 12.237934708595274 61.152092829346657 3.5695100873708716 41.307719185948372 8.1949851810932142 5.3873732164502135 2.2132959365844718
leaf_count=272 42 181 26 40 146 111 22 55 295 24 362 90 56 14
internal_value=0 -0.00325391 -0.00568172 -0.00995458 0.00281815 -0.00667352 0.03069 -0.000988367 0.00675008 -0.00828322 -0.0065961 -0.0152837 -0.00487552 -0.0162605
internal_weight=213.18 143.921 125.434 83.802 41.6318 72.7529 2.74019 37.069 69.2588 70.0128 66.4433 25.1355 16.9405 11.5532
internal_count=1736 1399 1218 991 227 719 62 201 337 657 633 271 181 125
is_linear=0
shrinkage=0.045


Tree=69
num_leaves=15
num_cat=0
split_feature=0 14 1 1 11 0 10 5 1 8 0 0 1 2
split_gain=2.93675 1.8143 1.69343 2.8064 2.00426 1.50046 2.70424 1.23145 3.5377 1.33815 3.27873 1.32691 2.47893 1.99488
threshold=7.783014624314319 1.0000000180025095e-35 0.23710752404506044 0.40213828678006969 1.0000000180025095e-35 5.0390548140434204 1.0000000180025095e-35 1.0000000180025095e-35 0.15891227420555962 1.0000000180025095e-35 6.9879948526472333 7.0393388423805083 0.57976143339126596 1.0000000180025095e-35
decision_type=2 2 2 2 2 2 2 2 2 2 2 2 2 2
left_child=1 -1 -2 -4 -5 6 -3 9 -9 11 -11 13 -13 -7
right_child=2 5 3 4 -6 7 -8 8 -10 10 -12 12 -14 -15
leaf_value=-0.010732259398886614 -0.0023842041542406233 -0.022310440296357988 0.048042158168999344 -0.0043252590437335104 0.025587010661354572 0.00031522961802249173 0.015282474240816902 0.029195932920454287 -0.030736761601387448 -0.039002447704579134 0.012139962131490902 0.0090116292862561891 -0.01846147841243307 0.017784177195015894
leaf_weight=55.801471602171659 13.197993069887159 14.285701639950277 4.687526851892474 9.8329658806324023 7.8429643288254729 27.337698101997375 4.9841197356581679 2.5297503434121591 6.8818019758909941 4.6805750075727683 4.9557182937860489 14.550283819437029 11.793757118284701 26.495237182825804
leaf_count=527 57 323 22 47 44 201 37 23 57 59 24 77 61 161
internal_value=-0.00162583 -0.00405041 0.0100881 0.017604 0.00883312 -0.000853107 -0.0122988 0.0013447 -0.0138868 0.00301812 -0.0125316 0.00496952 -0.00316449 0.0090303
internal_weight=209.858 174.296 35.5615 22.3635 17.6759 118.495 19.2698 99.2248 9.41155 89.8133 9.63629 80.177 26.344 53.8329
internal_count=1720 1550 170 113 91 1023 360 663 80 583 83 500 138 362
is_linear=0
shrinkage=0.045


Tree=70
num_leaves=15
num_cat=0
split_feature=10 1 1 1 1 5 1 1 1 2 1 1 9 1
split_gain=2.41972 2.64633 2.4585 2.4688 2.23582 3.28643 2.5523 2.63119 3.37496 3.94107 2.83589 2.51242 2.40454 2.54211
threshold=1.0000000180025095e-35 13.668249759981338 0.93888122193197288 1.6989298729854243 0.16019497450842965 1.0000000180025095e-35 0.1398333230090191 0.1269030572787255 0.10729882008691354 1.0000000180025095e-35 0.086554384275175547 0.078766801361662628 1.0000000180025095e-35 0.3506477372247197
decision_type=2 2 2 2 2 2 2 2 2 2 2 2 2 2
left_child=1 4 -2 -4 6 12 7 8 10 -10 11 -1 -6 -14
right_child=2 -3 3 -5 5 -7 -8 -9 9 -11 -12 -13 13 -15
leaf_value=-0.001543456850055275 0.042666363993891711 0.029878079467113568 -0.023221708812150372 0.011296365283450105 -0.00076943625516132975 -0.025962290996451219 0.028560635657117833 -0.036231855734439176 0.067018810570250387 0 -0.027951582012384311 0.041751972251434198 -0.040858748912765197 -0.0042354057632363286
leaf_weight=15.139899969100961 4.092603124678134 4.8148206993937483 4.6919704712927333 27.435981251299381 96.705004319548607 14.93898458778858 7.7846503332257262 3.3762639164924613 3.1840717457234851 3.7080684266984463 6.6602126359939566 3.061036951839923 6.5042903572320965 9.8470117151737195
leaf_count=158 24 25 28 148 780 148 65 31 28 33 63 23 67 109
internal_value=-5.4453e-05 -0.00226113 0.0104813 0.00600367 -0.00322671 -0.00622166 0.00558901 0.000238305 0.00445944 0.0319043 -0.00316328 0.00586808 -0.0035322 -0.0193932
internal_weight=211.945 175.724 36.2206 32.128 170.909 127.995 42.9142 35.1296 31.7533 6.89214 24.8611 18.2009 113.056 16.3513
internal_count=1730 1530 200 176 1505 1104 401 336 305 61 244 181 956 176
is_linear=0
shrinkage=0.045


Tree=71
num_leaves=15
num_cat=0
split_feature=11 0 1 0 1 0 0 16 14 0 0 1 0 8
split_gain=1.97803 2.82726 3.54568 2.56754 2.41349 2.16488 1.71185 1.60407 3.67386 2.09316 2.12543 1.31207 1.25021 3.01663
threshold=1.0000000180025095e-35 7.3756415458025453 0.70915050681000869 4.2963419893582619 1.3733543031536319 4.2137346514674734 7.9179096502050212 1.0000000180025095e-35 1.0000000180025095e-35 7.1419752866463933 6.5924450451070937 2.886768104219275 7.2379143562153176 1.0000000180025095e-35
decision_type=2 2 2 2 2 2 2 2 2 2 2 2 2 2
left_child=3 2 -2 -1 -4 -6 11 8 -5 10 -10 -3 13 -9
right_child=1 6 4 7 5 -7 -8 12 9 -11 -12 -13 -14 -15
leaf_value=-0.031057443380786531 0.040552551075775295 0.014156053325555834 -0.031305997638196546 -0.043479325929039518 0.031818517985126422 -0.0018504852811592021 0.001886281862615908 -0.00084299530990212461 -0.0027273809812522879 -0.023901331532651983 0.049440889176016432 0.050338343972252966 0.00468492228683754 -0.031209464782998686
leaf_weight=6.3712522983551017 4.063448302447795 4.4015879929065687 4.9719868786633006 5.7650758307427141 4.0231912396848193 44.603554993867874 5.4370907023549071 53.858515037223697 3.7834097947925329 3.8979547470808029 2.3269720822572708 4.9863001555204391 54.116775281727314 7.4146716333925715
leaf_count=179 26 23 38 53 32 240 31 622 56 20 15 27 258 114
internal_value=-0.000365232 0.00561709 0.00100146 -0.00355444 -0.00205296 0.000961919 0.0230179 -0.00213898 -0.0155091 0.000697949 0.0173637 0.0344925 -0.000248733 -0.00468043
internal_weight=210.022 72.4872 57.6622 137.535 53.5987 48.6267 14.825 131.163 15.7734 10.0083 6.11038 9.38789 115.39 61.2732
internal_count=1734 417 336 1317 310 272 81 1138 144 91 71 50 994 736
is_linear=0
shrinkage=0.045


Tree=72
num_leaves=15
num_cat=0
split_feature=0 0 0 1 0 0 14 0 0 1 1 1 1 1
split_gain=3.53641 3.16368 3.32594 2.82143 1.37564 1.57882 2.14417 1.55664 1.88431 1.35267 2.38715 2.23858 2.18166 2.68628
threshold=4.6066906717330669 4.7223608374029871 5.0390548140434204 1.7992579278245449 5.2019033719654955 5.9485350739343916 1.0000000180025095e-35 5.6780344309440105 5.3460466392979598 0.55971682795658151 0.77761488650647326 0.47420323695451588 1.1360207627664616 1.6477271965689435
decision_type=2 2 2 2 2 2 2 2 2 2 2 2 2 2
left_child=3 -2 -3 -1 -4 6 -6 8 -8 11 -11 -7 -12 -14
right_child=1 2 4 -5 5 9 7 -9 -10 10 12 -13 13 -15
leaf_value=-0.03303104534491854 0.046627118743412639 -0.028043623258753519 0.027914292917787745 0.0030505817675105396 -0.030860019128973567 0.0057498978099534519 -0.017721901220236438 -0.013843610239374872 0.028793613632480928 -0.018685739501888652 0.025242712456445715 0.03610637303826781 -0.025886604272998635 0.00396906600565183
leaf_weight=10.501397136598827 3.0511264242231837 7.0576946921646586 4.2094652559608212 7.025668963789939 6.1861246693879375 81.628125887364149 2.2866631504148245 7.8215675354003906 5.4082716330885887 12.165075540542601 7.5942196100950232 5.1327815875411025 6.9513541758060446 41.242514178156853
leaf_count=296 44 141 60 61 88 472 28 73 63 76 50 32 37 207
internal_value=0.000753671 0.00255871 0.00176948 -0.0184427 0.002989 0.00233784 -0.0089126 0 0.0143021 0.00395452 -0.000740091 0.00767645 0.00314551 -0.000333435
internal_weight=208.262 190.735 187.684 17.5271 180.626 176.417 21.7026 15.5165 7.69493 154.714 67.9532 86.7609 55.7881 48.1939
internal_count=1728 1371 1327 357 1186 1126 252 164 91 874 370 504 294 244
is_linear=0
shrinkage=0.045


Tree=73
num_leaves=15
num_cat=0
split_feature=13 1 1 0 0 0 1 1 2 1 1 1 1 0
split_gain=2.19937 3.67984 3.78019 3.54554 2.91279 3.01367 2.84634 4.30121 2.36493 2.27648 3.89828 5.02956 2.39606 3.05678
threshold=1.0000000180025095e-35 0.4496978303006236 3.5216125711955826 5.1668203791242453 7.2522077617640717 7.4128764848277173 0.88852334041604064 0.54481442642517297 1.0000000180025095e-35 3.466972669629544 5.5995879585675565 8.5482995019629175 2.9901439433008092 7.1566948591857491
decision_type=2 2 2 2 2 2 2 2 2 2 2 2 2 2
left_child=1 -1 3 -3 9 -6 7 8 -7 12 -11 -12 13 -2
right_child=4 2 -4 -5 5 6 -8 -9 -10 10 11 -13 -14 -15
leaf_value=-0.019697483536751714 -5.2147794880626985e-05 -0.029493684617387859 -0.019233217673479297 0.022155407776516707 0.038734646803257493 -0.005377994644016797 0.025815078678099873 -0.037716102993849698 0.020421896608014613 0.036255905919587918 -0.037197185516079367 0.019768201524313415 -0.038024386841987938 -0.039196384209377121
leaf_weight=24.306902702897787 68.236566608771682 2.9159060288220706 9.6425845474004728 17.897339390590787 7.3924912810325614 13.870213523507118 12.55447296053171 4.7992748543620101 14.169561013579369 8.1329413205385226 5.076839514076708 7.494593933224678 3.8834622278809539 4.1099808737635604
leaf_count=251 812 65 54 117 35 67 71 25 62 41 29 40 21 25
internal_value=0.000985788 -0.00668588 0.00361268 0.0144934 0.00382702 0.0123161 0.00776401 0.000612336 0.00755262 -0.000765255 0.0123392 -0.00310657 -0.00440633 -0.00243987
internal_weight=204.483 54.7627 30.4558 20.8132 149.72 52.786 45.3935 32.839 28.0398 96.9344 20.7044 12.5714 76.23 72.3465
internal_count=1715 487 236 182 1228 260 225 154 129 968 110 69 858 837
is_linear=0
shrinkage=0.045


Tree=74
num_leaves=15
num_cat=0
split_feature=0 1 1 1 1 3 1 13 1 1 0 1 1 0
split_gain=2.92689 1.82364 2.85013 1.72837 1.22573 1.16274 2.44089 2.70645 4.87371 4.19915 2.53186 2.41564 2.33477 2.29512
threshold=5.0390548140434204 1.6989298729854243 5.5995879585675565 0.55144224458880997 2.886768104219275 1.0000000180025095e-35 0.078766801361662628 1.0000000180025095e-35 0.24340568873377513 3.466972669629544 6.8519163600499082 0.15330571806573742 0.20406220225542557 7.9787589042173996
decision_type=2 2 2 2 2 2 2 2 2 2 2 2 2 2
left_child=1 3 4 -1 -3 6 10 8 -8 -10 -2 -9 -13 -14
right_child=5 2 -4 -5 -6 -7 7 11 9 -11 -12 12 13 -15
leaf_value=-0.011233828171507121 -0.047210609638542227 0 -0.033149799661256273 -0.044463452546240331 0.033828293959190694 0.013254747873912866 -0.034842497653402187 0.026071714654063063 0.013046134395478701 -0.024435927123501108 0 -0.017495008887681927 0.0046622759966818365 0.028554513317361873
leaf_weight=11.566439306363469 3.730469571426509 4.2509055025875551 3.1127265244722357 4.6279351823031893 3.8614417687058449 23.289581917226315 9.0209351237863284 12.5344679094851 21.511576281860474 8.1623316109180433 5.7996907904744148 8.1942541860043985 78.566950464621186 9.0445722565054876
leaf_count=333 53 42 31 117 26 145 67 85 145 40 32 55 499 46
internal_value=0.0017632 -0.0118393 0.00173768 -0.0214311 0.016141 0.00387278 0.00243335 0.00389846 -0.00623141 0.00249083 -0.0193239 0.00756272 0.00504501 0.00723945
internal_weight=207.274 27.4194 11.2251 16.1944 8.11235 179.855 156.565 147.035 38.6948 29.6739 9.53016 108.34 95.8058 87.6115
internal_count=1716 549 99 450 68 1167 1022 937 252 185 85 685 600 545
is_linear=0
shrinkage=0.045


Tree=75
num_leaves=15
num_cat=0
split_feature=6 11 1 0 1 1 2 1 14 1 1 1 1 1
split_gain=2.42832 2.78559 3.6504 2.75374 2.24197 2.46705 2.38496 2.09806 2.08281 2.07098 2.21518 1.61898 3.43147 1.55218
threshold=1.0000000180025095e-35 1.0000000180025095e-35 0.15891227420555962 6.4397913603439259 0.10729882008691354 0.05254713040674356 1.0000000180025095e-35 0.89906083963794792 1.0000000180025095e-35 0.49963924508134444 0.57976143339126596 0.23710752404506044 0.59645685809869664 1.6989298729854243
decision_type=2 2 2 2 2 2 2 2 2 2 2 2 2 2
left_child=1 2 4 9 5 6 -1 -3 -7 -4 -11 -2 -13 -9
right_child=11 7 3 -5 -6 8 -8 13 -10 10 -12 12 -14 -15
leaf_value=0.054046448826392229 -0.0014936920486802853 0.024976855974431864 -0.037641752372775984 -0.0074316126861390976 0.017537313198227787 -0.043787521884101496 -0.0096768397428733163 -0.017525265211184839 -0.0041106056030899172 0.038478035479781882 -0.018899716902157974 0.038480070584301182 -0.0038991898128933195 0.0034716668829599022
leaf_weight=2.1981754563748863 10.859721519052984 8.0501869209110719 13.401997098699214 53.470966584980488 14.878090361133216 3.5848696883767817 2.06344810500741 7.9248023182153693 10.435302002355456 1.4127910248935203 7.8143057432025671 8.9422439187765104 6.3409771658480159 56.912897501140833
leaf_count=21 89 49 283 305 132 45 33 56 102 29 154 75 51 315
internal_value=-0.00131835 -0.00318146 -0.00773419 -0.0131687 0.00460707 -0.00574824 0.0231328 0.00358406 -0.0150454 -0.0263442 -0.00900713 0.0114175 0.0207831 0.000790121
internal_weight=208.291 182.148 109.26 76.1001 33.1599 18.2818 4.26162 72.8879 14.0202 22.6291 9.2271 26.1429 15.2832 64.8377
internal_count=1739 1524 1104 771 333 201 54 420 147 466 183 215 126 371
is_linear=0
shrinkage=0.045


Tree=76
num_leaves=15
num_cat=0
split_feature=5 0 13 2 10 1 7 1 1 1 6 8 0 0
split_gain=2.22912 2.0826 2.61157 2.43488 2.34859 2.19963 2.18287 2.77257 4.26462 2.55693 2.69335 2.12465 2.00766 1.87516
threshold=1.0000000180025095e-35 5.0390548140434204 1.0000000180025095e-35 1.0000000180025095e-35 1.0000000180025095e-35 2.9901439433008092 1.0000000180025095e-35 1.1740030818902116 3.7674376002499108 0.19565198072979317 1.0000000180025095e-35 1.0000000180025095e-35 5.6572851249412439 7.7041336757759691
decision_type=2 2 2 2 2 2 2 2 2 2 2 2 2 2
left_child=1 2 -1 4 12 -6 7 9 -9 11 -11 13 -3 -5
right_child=-2 3 -4 6 5 -7 -8 8 -10 10 -12 -13 -14 -15
leaf_value=-0.037795824107601267 -0.01490275154069089 -0.036472373533830524 -0.0028998723310220379 -0.0046224590220891497 0.036740529483941096 5.6504648316872057e-05 0.026273507261252424 -0.03228495939366139 0.016569858954380696 0.011571473737829987 0.046750702482236201 -0.033158805236658373 -0.0041508347362610373 0.029500136608109764
leaf_weight=5.5861747618764666 19.889105647802353 4.0135064125061026 18.98389676399529 12.182232115417724 5.0985990315675727 9.4848213791847211 11.648060299456118 8.5474338084459287 5.8736020103096953 28.572555227205157 5.2485519535839549 3.5964759904891244 63.570147935301065 4.1734820604324332
leaf_count=140 209 72 334 94 26 45 57 47 30 182 28 25 412 18
internal_value=-0.000647337 0.000862507 -0.0112565 0.00273981 -0.00265465 0.0135098 0.00834031 0.00514353 -0.0121244 0.00988563 0.0174058 -0.0026848 -0.00623861 0.00406397
internal_weight=206.469 186.58 24.5701 162.009 82.1671 14.5834 79.8424 68.1943 14.421 53.7733 33.8211 19.9522 67.5837 16.3557
internal_count=1719 1510 474 1036 555 71 481 424 77 347 210 137 484 112
is_linear=0
shrinkage=0.045


Tree=77
num_leaves=15
num_cat=0
split_feature=0 9 0 5 0 0 0 1 8 1 10 1 1 0
split_gain=1.54002 1.75216 2.00959 2.09015 3.41548 4.12445 1.93624 3.93118 2.25439 3.03114 2.07444 2.9013 2.39659 2.0479
threshold=8.136062165688573 1.0000000180025095e-35 8.0271053883027239 1.0000000180025095e-35 7.4128764848277173 6.5455196505669475 7.3756415458025453 0.15493418452797766 1.0000000180025095e-35 0.13207003234788675 1.0000000180025095e-35 0.61414158974951105 1.6477271965689435 7.2058488097969473
decision_type=2 2 2 2 2 2 2 2 2 2 2 2 2 2
left_child=1 2 3 6 5 -5 8 -8 13 -10 11 -9 -13 -1
right_child=-2 -3 -4 4 -6 -7 7 10 9 -11 -12 12 -14 -15
leaf_value=0.0032288116653075424 -0.024149569438190216 -0.011811365727922551 0.022839536630995673 -0.030070187142267148 -0.046462733136663173 0.020253276701138589 -0.013289551022870797 0.027308386188504417 0.03260836835373801 -0.03298675837827849 0.045607969877032327 -0.024003136283485351 0.016374168383848031 -0.020422045060756733
leaf_weight=97.874072462320328 5.0884301960468283 20.864706009626389 8.6383840888738614 5.6568878423422593 4.5563296675682059 7.3195040971040726 9.7834469527006132 13.620817273855215 1.5014071334153394 7.8016771543771029 4.9556175470352164 5.5703702419996244 5.8806630373001099 7.7940468564629546
leaf_count=840 23 240 39 134 22 46 43 65 29 120 31 28 29 37
internal_value=-0.000162156 0.000443673 0.00189305 0.000791632 -0.0138058 -0.0014665 0.00248986 0.0110206 -0.00043901 -0.0214635 0.0191257 0.0133937 -0.00295606 0.00140654
internal_weight=206.906 201.818 180.953 172.315 17.5327 12.9764 154.782 39.8109 114.971 9.30308 30.0275 25.0719 11.451 105.668
internal_count=1726 1703 1463 1424 202 180 1222 196 1026 149 153 122 57 877
is_linear=0
shrinkage=0.045


Tree=78
num_leaves=15
num_cat=0
split_feature=0 0 0 4 0 8 13 0 6 0 0 0 10 14
split_gain=2.35663 2.23588 2.05687 1.61875 1.89033 1.46964 1.45637 1.61114 1.58018 1.47531 2.96975 1.44647 1.37338 3.00094
threshold=6.5924450451070937 6.5530768302423548 6.6997832210287909 1.0000000180025095e-35 7.6603753272663697 1.0000000180025095e-35 1.0000000180025095e-35 6.4254097416193616 1.0000000180025095e-35 5.721075563957819 6.1791546324194675 3.9897275152223197 1.0000000180025095e-35 1.0000000180025095e-35
decision_type=2 2 2 2 2 2 2 2 2 2 2 2 2 2
left_child=1 5 -2 -4 -5 6 9 8 12 11 -11 -1 -8 -14
right_child=2 -3 3 4 -6 -7 7 -9 -10 10 -12 -13 13 -15
leaf_value=0.013475333298057801 0.025996130371101191 -0.048572785641863132 0.0044706209990100759 0.0029346679629693672 -0.031521616657295103 -0.027691583099441228 -0.010095910098433507 0.023303285063820858 0.017246605123138654 0.025287133678594455 -0.022912255009286172 -0.03306739039363743 -0.022548243247223994 0.021184695560874624
leaf_weight=1.3504731245338941 8.0185736492276174 2.1999867483973494 102.43997725844383 6.7241910547018033 5.5964290797710419 4.9211620800197116 31.167317470535636 5.6592148989439002 7.4578064009547225 4.524566598236559 5.5093377456068993 8.0995895359665138 4.4775717779993984 9.4474784955382347
leaf_count=35 42 13 518 46 30 115 464 35 114 34 40 165 31 52
internal_value=0.000181317 -0.00555725 0.00418463 0.0025789 -0.0126106 -0.00424288 -0.00263256 0.000870346 -0.00153938 -0.0132288 -0.000668665 -0.0258084 -0.00480818 0.00668372
internal_weight=207.594 84.8145 122.779 114.761 12.3206 82.6145 77.6934 58.2094 52.5502 19.484 10.0339 9.45006 45.0924 13.9251
internal_count=1734 1098 636 594 76 1085 970 696 661 274 74 200 547 83
is_linear=0
shrinkage=0.045


Tree=79
num_leaves=15
num_cat=0
split_feature=0 13 1 14 1 16 6 1 1 1 1 2 1 1
split_gain=2.04325 2.37488 2.30869 2.07214 2.00692 1.82645 2.78815 2.18816 1.37978 4.41513 1.61966 1.19801 2.35077 2.05749
threshold=5.0390548140434204 1.0000000180025095e-35 2.4237389820306152 1.0000000180025095e-35 4.6547528933336624 1.0000000180025095e-35 1.0000000180025095e-35 0.46178036346533063 0.39188398340088321 0.31133753715810381 0.062601137808602061 1.0000000180025095e-35 0.086554384275175547 2.585831622352305
decision_type=2 2 2 2 2 2 2 2 2 2 2 2 2 2
left_child=1 -1 8 5 -4 7 -7 -2 9 10 -3 12 -5 -14
right_child=3 2 4 11 -6 6 -8 -9 -10 -11 -12 -13 13 -15
leaf_value=-0.037710953038888599 -0.048944395076080616 0.029994778089196546 0.038231936156693506 0.024720966955287804 -0.0087680873184071383 -0.0067083157134907572 0.025080348057203636 0 -0.028898485050636427 0.083570397176549918 -0.026594572229862435 0.0090157614096557769 -0.0088055380356617512 0.010054034073741731
leaf_weight=5.6854974813759354 3.8719456586986771 1.034521440044047 3.625030241906642 6.7366918344050637 3.1917056813836098 46.054706612601876 6.12414651736617 3.17119000852108 7.2123368233442307 0.86981423012912262 4.9443358965218067 58.338396057486534 38.567268958315253 16.435904987156391
leaf_count=157 30 29 23 51 27 323 37 23 147 21 142 352 291 81
internal_value=-0.000720331 -0.0123315 -0.00491434 0.000986611 0.0159618 -0.00585716 -0.0028099 -0.0271105 -0.0154325 -0.000195415 -0.0154207 0.00440347 0 -0.00307244
internal_weight=205.863 26.5632 20.8777 179.3 6.81674 59.222 52.1789 7.04314 14.061 6.84867 5.97886 120.078 61.7399 55.0032
internal_count=1734 546 389 1188 50 413 360 53 339 192 171 775 423 372
is_linear=0
shrinkage=0.045


Tree=80
num_leaves=15
num_cat=0
split_feature=14 13 2 1 11 1 1 1 1 1 6 1 1 1
split_gain=1.40206 1.43276 3.03351 2.19167 1.86274 3.72616 1.63943 1.60832 1.27935 1.32524 1.20056 1.38052 1.70018 3.07448
threshold=1.0000000180025095e-35 1.0000000180025095e-35 1.0000000180025095e-35 15.490587911224322 1.0000000180025095e-35 0.43025040969744283 3.7674376002499108 0.4496978303006236 0.10729882008691354 0.13207003234788675 1.0000000180025095e-35 3.7674376002499108 0.93888122193197288 1.5826356509226325
decision_type=2 2 2 2 2 2 2 2 2 2 2 2 2 2
left_child=8 2 6 4 5 -3 -2 -4 -1 -10 11 12 -11 -14
right_child=1 3 7 -5 -6 -7 -8 -9 9 10 -12 -13 13 -15
leaf_value=-0.023633137320319662 -0.011116877996848693 0.0093195457617742863 -0.0056067491105703145 -0.028107163762353844 0.015221901919617071 -0.013865668844124695 -0.047525732956010876 0.021907472714926587 0.024441546104042294 -0.0041295281050589099 0.013926837314221247 0.0062299962988732627 -0.057715820224820809 -0.0095427773023775784
leaf_weight=6.7665280383080235 14.867473328486087 45.225721281021833 7.9468570444732931 3.5787480771541587 33.710938777774572 20.042194619774818 3.0494717024266711 8.5537627115845662 3.1056261062622061 26.590397173538804 5.923462886363267 11.806574925780295 3.7542099934071294 9.6657567247748357
leaf_count=85 147 405 82 19 183 203 18 69 25 258 53 67 40 65
internal_value=1.00077e-05 0.00264854 -0.00520953 0.00533444 0.0066432 0.00211058 -0.0180183 0.00847845 -0.00526103 -0.00307347 -0.00471031 -0.00697269 -0.0109922 -0.0239991
internal_weight=204.588 136.975 34.4176 102.558 98.9789 65.2679 17.9169 16.5006 67.6126 60.846 57.7404 51.8169 40.0104 13.42
internal_count=1719 1126 316 810 791 608 165 151 593 508 483 430 363 105
is_linear=0
shrinkage=0.045


Tree=81
num_leaves=15
num_cat=0
split_feature=0 0 1 1 1 1 10 1 1 1 0 1 1 16
split_gain=1.60882 1.71961 1.181 2.68333 2.59706 2.86156 1.97541 1.74578 1.65222 1.48522 3.26704 2.27628 2.00107 1.71429
threshold=8.136062165688573 8.0271053883027239 2.4237389820306152 4.9897837129372844 1.1360207627664616 1.3733543031536319 1.0000000180025095e-35 4.1169434424682194 2.7376921000040704 0.88852334041604064 6.6119354538217037 0.55144224458880997 0.4496978303006236 1.0000000180025095e-35
decision_type=2 2 2 2 2 2 2 2 2 2 2 2 2 2
left_child=1 2 4 7 6 -6 9 8 -4 11 -11 12 13 -1
right_child=-2 -3 3 -5 5 -7 -8 -9 -10 10 -12 -13 -14 -15
leaf_value=-0.01936948155348563 -0.025127683559019696 0.017538111719704607 0.032084222822653691 -0.0065167211257114747 -0.051084469682775586 -0.0092973130333623109 0.026465074132095309 0.037908106344634346 0.0012390146085457319 -0.008434590384721892 0.060073659349610356 -0.01923214054596541 0.019245142426139682 -0.00036176479396342662
leaf_weight=10.889260571449993 5.3259986639022818 9.9530299380421621 4.4110231325030389 22.883276261389256 4.1059965491294887 17.072995506227016 4.8763960897922507 5.069438859820365 16.364689111709595 3.069699276238679 2.2123483568429947 15.492803785949944 8.9750954620540124 76.126880759373307
leaf_count=118 24 47 24 129 46 127 33 28 87 55 12 155 96 759
internal_value=-0.00115689 -0.000476708 -0.00145355 0.00454321 -0.00353451 -0.0180112 -0.000951627 0.0144833 0.00824596 -0.00217837 0.0205836 -0.00333204 -0.000684362 -0.00283096
internal_weight=206.829 201.503 191.55 48.7284 142.821 21.179 121.642 25.8452 20.7757 116.766 5.28205 111.484 95.9912 87.0161
internal_count=1740 1716 1669 268 1401 173 1228 139 111 1195 67 1128 973 877
is_linear=0
shrinkage=0.045


Tree=82
num_leaves=15
num_cat=0
split_feature=0 0 0 0 10 1 1 0 1 0 0 0 1 1
split_gain=1.54168 3.18552 1.56278 3.00832 1.97046 1.17939 3.10869 2.88608 1.88341 2.8128 2.34608 1.8244 2.59884 3.04956
threshold=7.3756415458025453 7.3384740490892204 8.136062165688573 8.0576131402669002 1.0000000180025095e-35 5.3217453425797929 6.8890370462102117 7.2522077617640717 3.3839142021814461 7.1566948591857491 6.3144475986969324 6.5924450451070937 0.20406220225542557 1.6121602306620904
decision_type=2 2 2 2 2 2 2 2 2 2 2 2 2 2
left_child=1 5 3 4 -2 7 -7 8 9 11 -10 -1 -13 -14
right_child=2 -3 -4 -5 -6 6 -8 -9 10 -11 -12 12 13 -15
leaf_value=-0.0072817208497625236 0.00038840601738148497 -0.052500278051815841 -0.016884715348048335 0.035757718511597439 0.029081456726131952 -0.044744747211398893 -0.001519434659628578 0.030036162483821387 -0.0050269282006327621 -0.036573875125022602 0.033888843620990809 -0.01270242539087239 0.023507846401645209 -0.014126127901485763
leaf_weight=62.804416205734015 48.17971745878458 2.4511621296405783 5.8122139126062384 6.4057486280798903 5.2345874458551398 4.5183348990976837 12.667126208543776 5.5826443433761588 6.0052808225154859 5.0950597301125518 5.9123090654611588 10.277642428874968 17.339693598449234 5.4935517683625212
leaf_count=965 235 13 26 31 34 28 71 30 34 32 28 63 102 27
internal_value=-0.000839966 -0.00355529 0.00480051 0.0070317 0.00338224 -0.00256209 -0.0135269 -0.00091404 -0.00253425 -0.00457108 0.0141485 -0.00275169 0.00569787 0.0142139
internal_weight=203.779 138.147 65.6323 59.8201 53.4143 135.696 17.1855 118.511 112.928 101.01 11.9176 95.9153 33.1109 22.8332
internal_count=1719 1393 326 300 269 1380 99 1281 1251 1189 62 1157 192 129
is_linear=0
shrinkage=0.045


Tree=83
num_leaves=15
num_cat=0
split_feature=13 0 1 1 1 3 0 0 0 1 1 1 1 0
split_gain=1.06475 3.58808 4.07584 3.09472 2.31207 2.12539 3.82341 1.74508 1.73582 1.55349 3.16241 2.52321 2.85588 2.81881
threshold=1.0000000180025095e-35 5.1668203791242453 3.466972669629544 0.4496978303006236 0.59645685809869664 1.0000000180025095e-35 6.742686594226579 6.8335515279609895 7.2619958479213196 3.5216125711955826 0.58716953624020596 5.5995879585675565 8.0279336124920864 6.3144475986969324
decision_type=2 2 2 2 2 2 2 2 2 2 2 2 2 2
left_child=1 -1 3 5 -5 6 -3 -6 -8 10 -2 13 -13 -11
right_child=9 2 -4 4 7 -7 8 -9 -10 11 -12 12 -14 -15
leaf_value=-0.038102247908096236 0.0046181093829495961 -0.044522632730580949 -0.030673004458802826 0.049144514360748591 0.024601540117742446 0.021373058228361309 0.023637749476693587 -0.0059704312471386949 -0.011503029816219014 0.0033377061640439097 -0.010513211496919118 -0.028022516558425813 0.013290882338858046 0.050747868507497039
leaf_weight=5.9945028573274604 81.334320489317179 5.445538552477962 7.9417930841445914 3.6746792234480408 7.2206083200871927 4.0400233455002299 4.0519599169492713 7.220401257276535 8.4101269543170911 5.1631467789411563 42.325213396921754 4.8524593859910956 10.078433468937872 5.3190765753388405
leaf_count=172 740 69 40 26 55 24 27 38 43 27 345 29 54 30
internal_value=-0.000417589 -0.00583677 -0.00157299 0.00420747 0.017945 -0.006988 -0.0138003 0.00913567 0 0.00152048 -0.000533202 0.0116155 -3.12722e-05 0.0283164
internal_weight=203.072 53.9996 48.0051 40.0633 18.1157 21.9476 17.9076 14.441 12.4621 149.073 123.66 25.4131 14.9309 10.4822
internal_count=1719 494 322 282 119 163 139 93 70 1225 1085 140 83 57
is_linear=0
shrinkage=0.045


Tree=84
num_leaves=15
num_cat=0
split_feature=0 0 0 0 0 0 2 2 1 1 1 0 1 0
split_gain=2.34042 1.78936 1.73226 2.44189 2.29689 2.26432 1.43453 1.40051 2.60176 1.54176 3.06686 1.18984 2.57383 1.54884
threshold=4.5226137532655057 4.3135770659965411 4.7223608374029871 4.6676848179392758 5.0390548140434204 5.2240444375777075 1.0000000180025095e-35 1.0000000180025095e-35 2.5328513050177177 1.8260189601195607 0.4496978303006236 5.8033056443734621 4.3151794513319865 6.1791546324194675
decision_type=2 2 2 2 2 2 2 2 2 2 2 2 2 2
left_child=1 7 3 -2 -4 6 -6 9 -9 10 -1 12 -7 -13
right_child=2 -3 4 -5 5 11 -8 8 -10 -11 -12 13 -14 -15
leaf_value=-0.016468253648800498 0 -0.045345002787874934 -0.026630084097916579 0.065077093135660957 0.0017874690028740485 -0.0023249399725388596 0.054116773132490692 -0.044494327497523502 0.018234783883071454 -0.024742349083267275 0.061351344675461675 0.01293332194996296 -0.04784148326835512 -0.0013040097583959503
leaf_weight=1.7548660337924942 2.7231588643044224 3.7132215350866309 6.632880086079239 1.7544730175286529 2.1850101649761191 11.095473663881419 2.3094747196882963 3.887920256704092 1.735064700245857 1.776560168713331 1.8846704885363577 17.154010396450758 3.1580695435404769 141.67479093745351
leaf_count=58 55 88 146 23 35 163 30 109 15 16 45 150 17 789
internal_value=-0.0017004 -0.0188432 -0.000317747 0.0266911 -0.0010269 -1.63667e-05 0.0307952 -0.00888012 -0.0244039 0.00673054 0.0237539 -0.000877051 -0.0132436 0.000219702
internal_weight=203.44 14.7523 188.687 4.47763 184.21 177.577 4.49448 11.0391 5.62298 5.4161 3.63954 173.082 14.2535 158.829
internal_count=1739 331 1408 78 1330 1184 65 243 124 119 103 1119 180 939
is_linear=0
shrinkage=0.045


Tree=85
num_leaves=15
num_cat=0
split_feature=0 1 6 1 1 1 10 2 1 0 1 1 1 0
split_gain=2.48885 2.01065 1.54687 1.37944 2.00385 1.27356 1.24908 1.37038 2.81929 2.6971 2.8328 2.54765 1.63711 1.40727
threshold=5.9485350739343916 1.3733543031536319 1.0000000180025095e-35 4.0254935210678395 8.5482995019629175 0.046881913771588617 1.0000000180025095e-35 1.0000000180025095e-35 0.1809594626833621 8.0576131402669002 0.12319648660154559 0.15330571806573742 0.18359105805802961 7.1419752866463933
decision_type=2 2 2 2 2 2 2 2 2 2 2 2 2 2
left_child=1 5 6 -3 -5 -1 7 8 -2 10 -9 -12 -13 -10
right_child=2 3 -4 4 -6 -7 -8 9 13 -11 11 12 -14 -15
leaf_value=0.022840501738546758 0.0079340494303220422 0.008511352218906398 0.012459740553350872 -0.027648992741519406 0.012644037159240918 -0.020994844246316431 0.0092155239377826742 -0.026300493249091898 -0.0045337849516815451 0.035215535826312885 0.044082693717604995 -0.028410175592061569 0.0032830819315933209 -0.022437215933685833
leaf_weight=1.1581518780440117 15.628751758486031 13.532975548878314 20.565037056803703 6.6806707866489869 3.5989641584455967 25.852278545498848 21.041632764041424 7.3511236384510985 16.961293019354343 4.3849715143442145 2.7254607751965514 3.3936603888869277 39.46395656093955 20.718773111701012
leaf_count=31 99 109 96 46 25 651 107 48 133 20 14 20 223 114
internal_value=-0.00182239 -0.0104319 0.00103225 -0.000679775 -0.0131407 -0.0187958 -0.000734636 -0.00268099 -0.00787867 0.00208539 -0.000696587 0.00343109 0.000548648 -0.0145635
internal_weight=203.058 50.823 152.235 23.8126 10.2796 27.0104 131.67 110.628 53.3088 57.3192 52.9342 45.5831 42.8576 37.6801
internal_count=1736 862 874 180 71 682 778 671 346 325 305 257 243 247
is_linear=0
shrinkage=0.045


Tree=86
num_leaves=15
num_cat=0
split_feature=6 1 13 1 2 0 0 0 2 1 2 1 10 1
split_gain=1.71083 1.75462 2.30258 2.50339 1.81758 1.79985 1.68991 1.64195 3.20521 2.92851 1.51968 1.84478 2.72273 2.39292
threshold=1.0000000180025095e-35 3.3839142021814461 1.0000000180025095e-35 15.490587911224322 1.0000000180025095e-35 5.7796205670362681 7.7197421282266152 4.6066906717330669 1.0000000180025095e-35 1.6989298729854243 1.0000000180025095e-35 0.1247097132630534 1.0000000180025095e-35 0.10372243288550796
decision_type=2 2 2 2 2 2 2 2 2 2 2 2 2 2
left_child=1 7 4 5 -3 -4 -2 8 9 -1 11 13 -13 -9
right_child=6 2 3 -5 -6 -7 -8 10 -10 -11 -12 12 -14 -15
leaf_value=-0.021366948442734138 0.0044153048205889545 -0.025275638747083745 0 -0.015228748540564788 0.011109292251614781 0.028586996402146982 0.033177616925063276 -0.0030156958984562604 -0.046143554481053548 0.041582131920058066 0.0019543778685634388 -0.016740986673002688 0.011582537212754934 0.04279408706390752
leaf_weight=3.862508947029708 20.358600391075019 6.4908156320452672 6.4381195716559949 4.5734190866351119 4.4003795757889748 15.538098037242888 5.2019478082656851 9.7614912725985032 5.0987063515931368 2.1614634059369564 67.936091700568795 39.667730135843158 7.9614440687000743 2.7612167894840232
leaf_count=129 193 38 41 25 26 80 22 88 141 18 499 365 43 25
internal_value=-0.00015447 -0.00175437 0.00682495 0.0140153 -0.010234 0.0203866 0.0106557 -0.00410054 -0.0205879 0.00110721 -0.0026039 -0.00781605 -0.0118839 0.00724545
internal_weight=202.212 176.651 37.4408 26.5496 10.8912 21.9762 25.5605 139.211 11.1227 6.02397 128.088 60.1519 47.6292 12.5227
internal_count=1733 1518 210 146 64 121 215 1308 288 147 1020 521 408 113
is_linear=0
shrinkage=0.045


Tree=87
num_leaves=15
num_cat=0
split_feature=0 8 0 1 3 1 1 1 0 1 9 1 1 1
split_gain=1.43773 1.13198 1.97212 1.70833 1.05013 1.55114 1.40412 1.64086 2.05885 1.00036 0.967963 2.7227 3.05788 1.32384
threshold=7.2868641661359987 1.0000000180025095e-35 7.2245681602540461 0.13207003234788675 1.0000000180025095e-35 0.27167195734131222 0.22545453652471201 0.1247097132630534 7.7370392020549401 4.814784687624738 1.0000000180025095e-35 0.4496978303006236 0.084716577351136899 0.081443234844581922
decision_type=2 2 2 2 2 2 2 2 2 2 2 2 2 2
left_child=1 2 10 -3 6 -6 7 -2 -9 -8 13 12 -12 -1
right_child=4 3 -4 -5 5 -7 9 8 -10 -11 11 -13 -14 -15
leaf_value=-0.01803170248040642 0.0075736333223781222 0.017609820828355306 -0.030291371551652284 -0.028493405554302711 0.036038395603010018 0.0010723348238734377 0.011552753223066588 0.002814961206081264 -0.034386973097100475 -0.0083438879389151031 0.02205737700705019 0.015394939300948745 -0.04155205501033836 0.003242291794894844
leaf_weight=6.0542534608393899 9.9866286888718623 1.8699453417211751 4.1614755168557158 6.5146808810532093 5.2910260856151563 5.3710062056779861 35.385980755090714 5.3005473613738996 6.1322165727615356 5.5590368285775176 1.7621293254196624 4.6225972454994908 6.2837810609489679 99.713952114805579
leaf_count=86 46 34 24 114 23 25 184 27 28 30 30 72 102 910
internal_value=0.00109255 -0.00170147 -0.000556451 -0.0175165 0.00615642 0.0191826 0.0038033 -0.00537074 -0.0170004 0.00871462 0.00049971 -0.011104 -0.0268782 0.00195035
internal_weight=204.009 130.983 122.598 8.38463 73.0264 10.662 62.3644 21.4194 11.4328 40.945 118.437 12.6685 8.04591 105.768
internal_count=1735 1372 1224 148 363 48 315 101 55 214 1200 204 132 996
is_linear=0
shrinkage=0.045


Tree=88
num_leaves=15
num_cat=0
split_feature=6 1 1 1 0 2 1 7 10 1 1 0 1 1
split_gain=1.27119 2.41191 2.65457 1.87911 3.36831 1.25411 3.07258 2.77266 2.77056 2.79753 2.101 2.42089 2.06957 1.79199
threshold=1.0000000180025095e-35 0.15493418452797766 0.66598016770641899 2.4237389820306152 4.6918033618167527 1.0000000180025095e-35 1.8260189601195607 1.0000000180025095e-35 1.0000000180025095e-35 0.1247097132630534 0.10574294072834746 7.173524268712332 0.09302757900118401 0.15674273059990482
decision_type=2 2 2 2 2 2 2 2 2 2 2 2 2 2
left_child=3 -2 -3 4 -1 8 7 12 9 10 11 -6 -7 -14
right_child=1 2 -4 -5 5 6 -8 -9 -10 -11 -12 -13 13 -15
leaf_value=-0.031649838497032491 -0.01304013124332961 0.026343707726459182 -0.012134976885398474 0.0048253498717750866 -0.028142310980062687 -0.02347665403822707 -0.039919226334000482 0.037528847172680631 0.025026248683698463 -0.017739832484681202 0.039936581175309897 0.016114905766828166 0.021468239829992092 -0.00028680787603739029
leaf_weight=9.0595032311975938 7.4581047929823425 14.143708424642684 4.5471044331789008 49.611562572419643 4.2586364131420833 6.2503688167780629 3.3360340781509867 4.2234426513314238 4.3288990296423426 37.084968686103821 2.7536376696079961 5.4343092739582062 9.0717428233474475 42.088160209357738
leaf_count=280 64 119 39 277 57 60 21 23 25 354 24 28 68 304
internal_value=-0.00116153 0.00802302 0.016715 -0.0025474 -0.00544567 -0.00336026 0.000787747 0.00318585 -0.00843148 -0.0115349 0.00658504 -0.00305066 0.00045975 0.00355179
internal_weight=203.65 26.1489 18.6908 177.501 127.89 118.83 64.9697 61.6337 53.8605 49.5316 12.4466 9.69295 57.4103 51.1599
internal_count=1743 222 158 1521 1244 964 476 455 488 463 109 85 432 372
is_linear=0
shrinkage=0.045


Tree=89
num_leaves=15
num_cat=0
split_feature=0 1 1 2 0 1 1 0 0 14 1 1 0 1
split_gain=1.38319 3.31117 2.25076 1.98429 1.85349 2.10533 1.84367 1.59196 1.40294 1.17635 0.988132 4.18026 1.56148 1.96004
threshold=7.3756415458025453 1.3733543031536319 0.55971682795658151 1.0000000180025095e-35 7.7197421282266152 4.0254935210678395 0.14442860504927582 7.3384740490892204 7.8594980548037325 1.0000000180025095e-35 0.16019497450842965 0.19008965517941326 4.7094559486320318 0.065345538891304303
decision_type=2 2 2 2 2 2 2 2 2 2 2 2 2 2
left_child=7 2 3 -2 -3 -6 -5 10 -4 -8 12 -12 -1 -14
right_child=1 4 8 6 5 -7 9 -9 -10 -11 11 -13 13 -15
leaf_value=-0.025316900952060673 -0.0055058975798003805 0.043101255538958098 -0.032153332300105787 -0.0064436620383889242 -0.010719089437500592 0.031732125661958641 0.0076137484031423893 -0.036472316753718648 0 0.034622485917136181 -0.049502623515999274 -0.0021762752685325999 -0.011095602837384089 0.018645469104670982
leaf_weight=2.5795951168984201 19.205486416816711 5.8934336230158797 6.1323343068361265 5.6840115487575558 4.5731814578175527 4.341880738735199 6.5341711044311506 2.6058557778596869 4.8861829042434692 7.9483298435807228 3.7379260454326859 105.45432455372065 5.9118548072874573 15.591919083148239
leaf_count=92 96 32 34 25 25 25 29 14 26 35 54 1016 68 169
internal_value=-0.000219164 0.00513511 -0.000301698 0.004653 0.0236928 0.00970475 0.0145078 -0.0028251 -0.0181746 0.023013 -0.00207984 -0.00392505 0.00606433 0.0102348
internal_weight=201.08 65.199 50.3905 39.372 14.8085 8.91506 20.1665 135.881 11.0185 14.4825 133.276 109.192 24.0834 21.5038
internal_count=1740 327 245 185 82 50 89 1413 60 64 1399 1070 329 237
is_linear=0
shrinkage=0.045


Tree=90
num_leaves=15
num_cat=0
split_feature=0 0 5 13 0 0 6 0 1 1 0 1 1 1
split_gain=1.15247 2.88319 1.87395 1.20042 1.47073 2.24704 2.14042 2.73779 2.18438 1.33186 2.45054 5.04202 3.78672 1.54867
threshold=6.5924450451070937 6.5530768302423548 1.0000000180025095e-35 1.0000000180025095e-35 6.2924217329520831 6.1293877569732951 1.0000000180025095e-35 5.8708733878268999 0.31133753715810381 9.3949726061830372 4.7742672693094628 0.1247097132630534 1.6989298729854243 4.3151794513319865
decision_type=2 2 2 2 2 2 2 2 2 2 2 2 2 2
left_child=1 2 3 -1 5 6 9 8 -8 10 11 -5 -13 -12
right_child=-2 -3 -4 4 -6 -7 7 -9 -10 -11 13 12 -14 -15
leaf_value=-0.011120163143075925 0.0022294326402563392 -0.05490338543601557 -0.028645228578008889 0.09441998359405164 0.018721475035026486 -0.038855677029085565 -0.023786416492363009 0.068420279601480699 0.037691986151294966 0.023216348027056397 -0.0093559710411987417 -0.032980013862501475 0.022298853296218678 -0.046207283662666111
leaf_weight=18.450881582684815 120.68454394489527 2.0644206106662741 5.2670060843229285 1.1089497860521067 8.8052570968866331 2.7939959652721873 2.3156899791210881 1.8606589436531065 1.9569339901208875 3.3913525938987723 19.668312842026356 3.9390487503260356 6.1676432117819786 2.5702150650322428
leaf_count=271 637 13 139 34 61 26 56 11 37 21 251 115 45 14
internal_value=-0.000524502 -0.00471146 -0.00319421 -0.00122396 0.00206783 -0.00110544 0.00141305 0.0256503 0.00379193 -0.0026167 -0.0054916 0.011307 9.55939e-05 -0.0141895
internal_weight=201.045 80.3604 78.2959 73.0289 54.5781 45.7728 42.9788 6.13328 4.27262 36.8455 33.4542 11.2156 10.1067 22.2385
internal_count=1731 1094 1081 942 671 610 584 104 93 480 459 194 160 265
is_linear=0
shrinkage=0.045


Tree=91
num_leaves=15
num_cat=0
split_feature=4 1 1 1 2 9 0 0 0 0 1 1 0 0
split_gain=1.35358 2.36252 2.31988 3.13466 2.04904 1.73411 1.56001 3.38865 3.81468 1.85018 1.672 1.61718 1.194 2.91921
threshold=1.0000000180025095e-35 0.05254713040674356 0.11241511700149473 0.1269030572787255 1.0000000180025095e-35 1.0000000180025095e-35 7.9566157377404787 7.5569551863189988 7.2379143562153176 6.6405651202541023 0.086554384275175547 0.076389766728577099 6.9879948526472333 7.1419752866463933
decision_type=2 2 2 2 2 2 2 2 2 2 2 2 2 2
left_child=1 4 6 -4 -1 12 7 8 9 10 11 -3 -5 -14
right_child=-2 2 3 5 -6 -7 -8 -9 -10 -11 -12 -13 13 -15
leaf_value=0.059408317681537239 -0.011284978438550421 -0.013253807331748626 0.037159147546993239 -0.001276545325596651 0.0012213162366111084 -0.013311472723089067 0.013883451585398016 -0.066725970937131326 0.033179475731571421 -0.053792834680350517 -0.034699405621547601 0.051685378263460494 0.034375063373818661 0.0033380593158190155
leaf_weight=2.382641563192009 19.903752942569554 1.5076484661549314 4.7162966299802056 80.242666803300381 2.6603475324809551 15.937102507799862 2.6005137711763373 2.6193325370550147 2.7548486664891243 2.9178223833441734 2.3494030181318521 1.1535312663763759 6.8429432213306418 52.508316174149513
leaf_count=28 230 37 40 761 36 180 11 12 14 20 45 21 34 261
internal_value=-0.00018763 0.00101768 0.00010591 0.00176527 0.0307885 0.000616754 -0.0161494 -0.0224725 -0.0101821 -0.026248 -0.00789506 0.0149676 0.00225587 0.00709549
internal_weight=201.097 181.193 176.15 160.247 5.04299 155.531 15.9031 13.3026 10.6833 7.92841 5.01058 2.66118 139.594 59.3513
internal_count=1730 1500 1436 1276 64 1236 160 149 137 123 103 58 1056 295
is_linear=0
shrinkage=0.045


Tree=92
num_leaves=15
num_cat=0
split_feature=11 1 1 0 0 0 0 0 0 0 0 1 1 0
split_gain=2.3299 2.43802 2.40042 2.00409 1.7198 1.6496 1.7905 1.63449 1.43915 1.50808 1.29696 2.40645 1.77755 1.17422
threshold=1.0000000180025095e-35 0.89906083963794792 1.3473760208640713 5.9485350739343916 3.7899451512315072 7.3756415458025453 7.7481635595582405 7.1419752866463933 6.1574965627045364 6.5924450451070937 6.8259772281528219 0.2800598163053416 0.55971682795658151 7.9787589042173996
decision_type=2 2 2 2 2 2 2 2 2 2 2 2 2 2
left_child=3 -2 -3 4 -1 7 -7 -4 -5 -10 11 -11 -12 -14
right_child=1 2 5 8 -6 6 -8 -9 9 10 12 -13 13 -15
leaf_value=0.034228783438849449 0.027867520556334107 -0.03319926146014375 0.0026209661554686039 0.015067360298124312 -0.020931600540322743 0.040484339534494942 0.0025653325015861555 -0.022541408887049533 -0.019994877426774606 -0.0076576743403861574 -0.0016976791253307583 0.030292512391556926 -0.026780570448642873 0
leaf_weight=0.96949437446892517 7.4018461629748336 3.7244061995297661 42.698145642876625 7.4120036214590064 22.631298938766122 4.3712693229317647 6.3124538958072662 5.7458046227693549 12.035529989749191 6.9281649291515333 59.553458869457245 6.0669574961066246 10.848967760801314 4.4015111923217765
leaf_count=30 47 32 248 65 641 25 38 27 119 41 305 36 67 21
internal_value=-0.00278443 0.00377887 0.000791279 -0.00634309 -0.018208 0.00311287 0.0189523 -0.000351374 -0.00366117 -0.00512395 -0.00299349 0.00990947 -0.00531547 -0.0189469
internal_weight=201.101 70.2539 62.8521 130.847 23.6008 59.1277 10.6837 48.444 107.247 99.8346 87.7991 12.9951 74.8039 15.2505
internal_count=1742 417 370 1325 671 338 63 275 654 589 470 77 393 88
is_linear=0
shrinkage=0.045


Tree=93
num_leaves=15
num_cat=0
split_feature=0 0 2 0 1 0 0 1 0 1 1 0 0 1
split_gain=1.62006 1.79846 1.4839 3.36363 4.31593 1.7657 2.52785 2.53597 1.72613 2.4817 1.44008 1.3902 1.57267 1.34919
threshold=6.5924450451070937 6.5530768302423548 1.0000000180025095e-35 4.6481599190687879 5.3217453425797929 6.494270359993858 5.2019033719654955 0.35597600536544471 6.1054178349761008 3.6276119950872698 0.15330571806573742 5.9915713707754561 4.3412290326194762 1.8741488675332689
decision_type=2 2 2 2 2 2 2 2 2 2 2 2 2 2
left_child=1 2 8 4 -4 6 7 10 11 -10 -5 12 -1 -14
right_child=-2 -3 3 5 -6 -7 -8 -9 9 -11 -12 -13 13 -15
leaf_value=0.011374798212843318 0.0032111892957644335 -0.047857629158863678 -0.040220271456840692 0.026935891092636461 0.045314103817013451 0.03996175229889265 -0.002264872771763985 0.049538380821087538 -0.043982243828892084 0.0037346210770315574 -0.037689060539546758 0.02010392318855686 -0.024895250035228848 0
leaf_weight=5.6468983022496166 118.49257201701403 1.7642533406615246 6.2546914247795931 1.0828688628971606 1.245279364287853 3.0727829039096823 22.746735071763396 4.1516492050141096 5.9663118533790094 3.1356791630387306 1.2720422949641941 3.6850780323147765 11.09445244446397 7.4501345939934245
leaf_count=127 627 12 170 29 12 17 195 58 71 16 33 28 265 56
internal_value=-8.61551e-05 -0.00511166 -0.00394957 0.00198235 -0.0246258 0.00840752 0.00469141 0.0290237 -0.0104356 -0.0273329 -0.00642867 -0.00460277 -0.0086848 -0.0150893
internal_weight=197.061 78.5689 76.8046 39.826 7.49997 32.3261 29.2533 6.50656 36.9786 9.10199 2.35491 27.8766 24.1915 18.5446
internal_count=1716 1089 1077 514 182 332 315 120 563 87 62 476 448 321
is_linear=0
shrinkage=0.045


Tree=94
num_leaves=15
num_cat=0
split_feature=5 1 1 0 2 1 1 1 0 1 0 14 1 1
split_gain=1.01963 2.10921 3.72442 2.80033 2.36768 2.00979 1.01649 4.28377 2.61262 1.66704 1.65472 1.50448 2.08296 1.3769
threshold=1.0000000180025095e-35 0.15674273059990482 0.22545453652471201 6.9237552361845296 1.0000000180025095e-35 0.3402481454404212 0.59645685809869664 0.4947828823442974 5.9485350739343916 0.77761488650647326 8.0416542549812018 1.0000000180025095e-35 0.29918392437898816 0.35597600536544471
decision_type=2 2 2 2 2 2 2 2 2 2 2 2 2 2
left_child=6 3 -3 -2 -4 -6 7 8 13 -8 -11 12 -10 -1
right_child=1 2 4 -5 5 -7 9 -9 11 10 -12 -13 -14 -15
leaf_value=-0.022295838684971279 -0.013280517286043764 -0.059647162141991804 -0.031681631896033437 0.054491171929572521 0.03773026678527612 -0.010115670672382357 -0.019406204178793213 0.038104362604303853 -0.011424030447537871 -0.00096214090821005013 0.026732170946719726 0.010645265682569708 0.017334752845591023 0.010692079745301668
leaf_weight=11.285959996283053 2.5483480785042074 3.1424644673243156 3.9053897447884065 1.9749767631292341 3.0066225547343493 3.6237729173153639 9.2190413791686279 7.1931616663932791 17.460909549146894 76.988036883994937 4.4234887287020674 46.367632400244474 6.908797286450862 2.9616044554859391
leaf_count=331 50 32 51 10 22 35 88 66 103 537 24 270 40 72
internal_value=0.000840189 -0.00921713 -0.0181311 0.0164116 -0.00444856 0.0113912 0.00187513 0.00520818 0.00228809 -0.0014693 0.000549311 0.00588118 -0.00301304 -0.0150742
internal_weight=201.01 18.2016 13.6782 4.52332 10.5358 6.6304 182.809 92.1781 84.9849 90.6306 81.4115 70.7373 24.3697 14.2476
internal_count=1731 200 140 60 108 57 1531 882 816 649 561 413 143 403
is_linear=0
shrinkage=0.045


Tree=95
num_leaves=15
num_cat=0
split_feature=14 1 1 1 16 6 2 16 1 13 1 1 1 1
split_gain=2.49797 3.18837 1.40394 4.36686 3.68337 1.38274 1.2908 1.7961 1.54488 1.52752 2.25376 5.91022 1.83943 1.60505
threshold=1.0000000180025095e-35 9.3949726061830372 0.93888122193197288 2.4237389820306152 1.0000000180025095e-35 1.0000000180025095e-35 1.0000000180025095e-35 1.0000000180025095e-35 0.069782260270035451 1.0000000180025095e-35 0.45839162150392182 0.3402481454404212 0.58716953624020596 0.1269030572787255
decision_type=2 2 2 2 2 2 2 2 2 2 2 2 2 2
left_child=1 2 4 -4 -1 -6 8 -8 -2 12 11 13 -9 -11
right_child=6 -3 3 -5 5 -7 7 9 -10 10 -12 -13 -14 -15
leaf_value=-0.040635350202449218 0.027021233332547221 0.032336398994872263 -0.042105406329891085 -0.00080609712522297834 -0.0040311690132664038 0.018017179729716955 0.028952792465122654 -0.021698976056105601 -0.0027030531993773614 0.025433087378448762 -0.0014435898780198117 0.066426486222430026 0.0093274556206819088 -0.0021829615956579585
leaf_weight=4.861659330315887 3.5454435441642991 3.617389813065528 9.2604436511173862 11.99486794695258 28.348975876346231 7.0056014936417332 7.2384783579036585 7.9325164379551989 61.505137573927641 6.3223219346255126 19.083593832328916 4.1789819579571477 6.9818874355405569 11.494333775714038
leaf_count=51 37 20 88 72 305 61 65 85 542 59 137 35 49 91
internal_value=-0.000165165 -0.00735452 -0.00986045 -0.0192337 -0.00472442 0.000287976 0.00345337 0.0080288 -0.000936172 0.00515038 0.00966339 0.0194288 -0.0069456 0.00754049
internal_weight=193.372 65.0889 61.4715 21.2553 40.2162 35.3546 128.283 63.2321 65.0506 55.9936 41.0792 21.9956 14.9144 17.8167
internal_count=1697 597 577 160 417 366 1100 521 579 456 322 185 134 150
is_linear=0
shrinkage=0.045


Tree=96
num_leaves=15
num_cat=0
split_feature=6 0 0 0 0 14 10 0 0 0 0 14 14 2
split_gain=1.29856 1.10243 2.19069 2.01003 1.70517 1.30311 1.10832 1.46435 2.01518 1.73718 1.15563 5.60875 1.6739 0.944676
threshold=1.0000000180025095e-35 7.3756415458025453 7.3384740490892204 7.7197421282266152 7.7997405080672122 1.0000000180025095e-35 1.0000000180025095e-35 3.9460790576654694 4.1597538865745376 4.5226137532655057 4.7742672693094628 1.0000000180025095e-35 1.0000000180025095e-35 1.0000000180025095e-35
decision_type=2 2 2 2 2 2 2 2 2 2 2 2 2 2
left_child=1 2 6 5 -5 -3 7 -1 -9 -10 11 -11 -12 -6
right_child=-2 3 -4 4 13 -7 -8 8 9 10 12 -13 -14 -15
leaf_value=-0.041587070664534542 0.0096482844065612274 0 -0.044975950597112853 -0.027070750505923651 -0.0069473053477306229 0.022595089860627877 0.0048364694523685319 0.038898007374879147 -0.034361281963718786 0.097313572057243516 -0.015446443922578441 -0.021220551003590965 -0.00057806324225274919 0.009488650460344826
leaf_weight=2.020025771111249 25.79262961819768 8.0849199965596199 2.3526564538478842 4.8341833353042594 13.614000372588634 14.181748189032078 29.010478172451258 1.9159911777824152 3.8280627094209185 1.064866615459322 21.796173059381545 1.9852996375411749 52.948354741558433 14.146983824670315
leaf_count=62 217 42 13 24 71 74 161 60 112 26 244 52 492 72
internal_value=0.000255423 -0.00113829 -0.00362638 0.00407653 -0.00293079 0.0144693 -0.00266117 -0.00526123 -0.00423187 -0.0053919 -0.00382424 0.022219 -0.00500351 0.00127547
internal_weight=197.576 171.784 116.922 54.8618 32.5952 22.2667 114.569 85.5588 83.5387 81.6228 77.7947 3.05017 74.7445 27.761
internal_count=1722 1505 1222 283 167 116 1209 1048 986 926 814 78 736 143
is_linear=0
shrinkage=0.045


Tree=97
num_leaves=15
num_cat=0
split_feature=1 1 9 1 1 1 0 0 0 5 0 0 0 1
split_gain=1.87455 1.63827 1.7016 2.13348 1.646 2.19782 1.8141 1.52558 1.42135 1.77512 1.85885 1.32509 0.89801 1.06402
threshold=18.626839070385326 6.1299635965894375 1.0000000180025095e-35 0.044111176107738119 0.1269030572787255 0.3626114662319157 6.6997832210287909 7.7041336757759691 6.5924450451070937 1.0000000180025095e-35 6.5455196505669475 6.2924217329520831 3.8652174189357118 0.16019497450842965
decision_type=2 2 2 2 2 2 2 2 2 2 2 2 2 2
left_child=1 2 3 -1 6 7 -4 -6 9 10 12 -7 -5 -14
right_child=-2 -3 4 8 5 11 -8 -9 -10 -11 -12 -13 13 -15
leaf_value=-0.032743148707733337 0.035923088004351164 -0.013216424033043057 0.047200939968881153 0.031782819221962327 -0.04951206031575428 -0.026948122748986846 -0.0083585541943939062 -0.00070751565594632398 0.0081524126619538558 -0.026633353857917569 -0.033418904476346642 0.010399076625144967 0.017138430928474127 -0.00037367245416036391
leaf_weight=2.9159971214830867 3.0201177895069113 14.414875339716671 1.7122499011456991 2.0130587061867109 4.7092818431556216 2.6179949752986413 2.767186164855957 2.0289181172847748 95.801862120628357 4.6772219305858007 2.6905440837144843 5.781133309006691 8.0339543130248767 44.865231591276824
leaf_count=32 16 84 39 40 69 63 20 10 495 129 15 40 143 520
internal_value=0.00181756 0.00123011 0.00242132 0.00396865 -0.0099627 -0.0171403 0.0130269 -0.0359093 0.00471479 -0.000510258 0.00161784 -0.00107469 0.00353124 0.00225573
internal_weight=198.05 195.03 180.615 160.998 19.6168 15.1373 4.47944 6.7382 158.082 62.28 57.6028 8.39913 54.9122 52.8992
internal_count=1715 1699 1615 1374 241 182 59 79 1342 847 718 103 703 663
is_linear=0
shrinkage=0.045


Tree=98
num_leaves=15
num_cat=0
split_feature=14 16 2 1 1 10 13 0 1 0 0 1 1 1
split_gain=1.45589 1.69941 3.21891 3.88027 1.81572 2.83389 2.61863 3.25005 2.57513 1.60978 1.43781 1.64719 2.14224 2.00425
threshold=1.0000000180025095e-35 1.0000000180025095e-35 1.0000000180025095e-35 0.2469003952606337 15.490587911224322 1.0000000180025095e-35 1.0000000180025095e-35 6.6881066862361527 0.25422301669401509 4.1526187004599775 4.6481599190687879 2.585831622352305 0.44148663902809859 0.35597600536544471
decision_type=2 2 2 2 2 2 2 2 2 2 2 2 2 2
left_child=9 2 3 -2 5 6 7 -3 -9 -1 -8 12 13 -12
right_child=1 4 -4 -5 -6 -7 10 8 -10 -11 11 -13 -14 -15
leaf_value=-0.042676512080054393 0.044966464947327173 -0.034214127910077899 0.037449443570732821 -0.025823305853255058 -0.028149787811992733 0.018451696117387381 -0.01927311120399592 -0.023863044082592696 0.013576733354622573 -0.0037187263026257932 0.0049451664609157526 0.023665019688469978 -0.0095103316423245897 0.038184383259792863
leaf_weight=2.0594710828736416 2.0351979956030828 9.2238020114600676 7.5796125316992402 4.9765883293002844 3.8959771543741217 18.278930373489857 4.9243057612329713 5.7895891666412345 9.5966530665755254 63.056183598935604 35.207624815404415 8.501775994896887 19.464595252647996 4.0021385457366696
leaf_count=55 26 173 64 44 21 105 134 33 48 540 259 45 151 34
internal_value=0.000334692 0.0030461 0.0174544 -0.00397511 0.00121357 0.00229465 -0.000744483 -0.0133958 -0.000347953 -0.00514668 0.00353666 0.00532776 0.00252293 0.00862864
internal_weight=198.592 133.477 14.5914 7.01179 118.885 114.989 96.7105 24.61 15.3862 65.1157 72.1004 67.1761 58.6744 39.2098
internal_count=1732 1137 134 70 1003 982 877 254 81 595 623 489 444 293
is_linear=0
shrinkage=0.045


Tree=99
num_leaves=15
num_cat=0
split_feature=6 13 1 1 0 0 0 0 0 1 1 0 0 1
split_gain=1.48469 2.69831 2.41612 2.49884 2.33312 4.32991 3.41044 2.15978 3.17039 1.81936 3.29455 3.03863 2.23037 1.38106
threshold=1.0000000180025095e-35 1.0000000180025095e-35 0.1809594626833621 0.074311690944063882 5.3460466392979598 6.1574965627045364 5.8313547596408082 6.6119354538217037 4.5792836162807111 3.8827977115476329 0.24340568873377513 6.5699432387845755 7.1234706269658616 1.3733543031536319
decision_type=2 2 2 2 2 2 2 2 2 2 2 2 2 2
left_child=1 4 3 -2 -1 6 -6 8 -4 10 -7 -12 -13 -3
right_child=2 13 7 -5 5 9 -8 -9 -10 -11 11 12 -14 -15
leaf_value=-0.037933499792218009 0.022112171065092126 -0.0013509882164348182 0.053711819825715948 -0.026408585948925107 -0.0052164938241702642 -0.029006925882264709 0.057734189408120605 0.03466275416848405 -0.013899306704631379 -0.035833723711954528 -0.034984334036245381 0.034708700038512418 -0.00082216252321535633 0.0082859249354207149
leaf_weight=5.4116702442988744 3.1600081138312834 80.699499623849988 1.6336418874561811 5.5684732757508755 3.2367313243448725 9.6238678842782992 3.2349752672016621 9.3300700932741147 5.7388879023492336 5.8429222702980033 3.1813232302665737 5.3723365664482108 9.3137029856443387 47.257730318233371
leaf_count=166 29 793 40 46 41 67 26 41 63 27 27 30 50 282
internal_value=0.000339464 -0.00113196 0.0104654 -0.00823658 -0.0105728 -0.00656952 0.0263632 0.0204868 0.00151096 -0.0132166 -0.008023 0.00322645 0.0121649 0.00218042
internal_weight=198.606 173.175 25.4311 8.72848 45.2175 39.8059 6.47171 16.7026 7.37253 33.3342 27.4912 17.8674 14.686 127.957
internal_count=1728 1509 219 75 434 268 67 144 103 201 174 107 80 1075
is_linear=0
shrinkage=0.045


Tree=100
num_leaves=15
num_cat=0
split_feature=0 0 1 1 1 0 1 1 1 1 2 0 0 0
split_gain=0.829593 1.55895 1.68302 2.27922 1.48605 1.3888 1.37565 3.61802 1.81096 1.3074 0.988121 1.56132 1.0904 0.941535
threshold=7.2522077617640717 7.2058488097969473 13.668249759981338 5.5995879585675565 3.466972669629544 5.9485350739343916 2.7376921000040704 2.5328513050177177 1.9948754480354034 8.0279336124920864 1.0000000180025095e-35 7.616370851042352 7.4333804909849723 3.9310597659379019
decision_type=2 2 2 2 2 2 2 2 2 2 2 2 2 2
left_child=1 2 3 4 6 -6 7 8 13 -5 11 12 -2 -1
right_child=10 -3 -4 9 5 -7 -8 -9 -10 -11 -12 -13 -14 -15
leaf_value=0.027012658615821094 0.00078749634208712962 -0.036195815193046807 0.026216791735262063 -0.036413880567993669 -0.00053603334536245131 0.031757816955140336 -0.02012795057331446 0.047272828095300715 -0.027084996507227604 -0.0051627145829628998 0.0091666231083888626 -0.0081460178866185565 0.029424342777345992 -0.0012967282290919091
leaf_weight=2.2458429895341387 7.704153396189211 2.4710296317934981 4.1068102046847335 5.6553340367972833 4.8585780784487707 5.1816284731030464 7.6290326528251162 2.9054736420512191 5.3273098506033412 5.9155563525855541 36.143656343221664 23.424341894686222 4.2548898160457611 80.780114065855742
leaf_count=70 42 15 22 37 29 26 41 17 41 34 179 121 25 1050
internal_value=4.64027e-05 -0.00211182 -0.00134293 -0.00236139 -0.000286162 0.0159857 -0.00201261 -0.000408306 -0.00213033 -0.0211784 0.0039387 -0.00129661 0.0116627 -0.000413819
internal_weight=198.604 127.077 124.606 120.499 108.928 10.0402 98.8878 91.2587 88.3533 11.5709 71.527 35.3834 11.959 83.026
internal_count=1749 1382 1367 1345 1274 55 1219 1178 1161 71 367 188 67 1120
is_linear=0
shrinkage=0.045


Tree=101
num_leaves=15
num_cat=0
split_feature=0 0 0 0 0 1 10 1 3 1 0 1 0 14
split_gain=0.953338 2.61654 2.35881 1.9821 2.85432 1.6817 1.24061 1.20393 1.07966 1.88453 1.88878 1.13832 0.871391 2.55528
threshold=4.5226137532655057 4.7223608374029871 4.3135770659965411 5.0390548140434204 5.2019033719654955 0.4496978303006236 1.0000000180025095e-35 0.31133753715810381 1.0000000180025095e-35 0.30617662046660005 6.6561487890035158 0.64914516411852541 5.8033056443734621 1.0000000180025095e-35
decision_type=2 2 2 2 2 2 2 2 2 2 2 2 2 2
left_child=2 6 5 -3 -5 -1 7 -2 12 10 -10 -11 13 -6
right_child=1 3 -4 4 8 -7 -8 -9 9 11 -12 -13 -14 -15
leaf_value=-0.028127323110836513 0.012552410794065969 -0.024461434297800979 -0.04449950706960587 0.040117240671699986 -0.040710034381300185 0.010417330398531641 0 0.075189794729742521 0.046578304157070712 -0.018798758542795058 0.008854961903334917 0.011392289707513896 0.00012239723157230983 0.00085640227180090918
leaf_weight=3.015014583244918 1.392866870388388 6.0406830366700879 3.0442916098982087 3.5630465634167185 4.0609747841954205 7.750387660227716 1.5285052657127378 1.6193017363548277 3.7825431488454369 5.53271861001849 10.036407411098478 4.1732071489095688 134.59030166454613 9.3815876394510269
leaf_count=118 42 147 87 53 63 128 11 28 36 33 47 29 819 102
internal_value=0.000438127 0.00131239 -0.010848 0.000423145 0.00133412 -0.000283431 0.0343272 0.0502113 0.000456662 0.0093866 0.0200188 -0.00539547 -0.000942846 -0.0117836
internal_weight=199.512 185.702 13.8097 181.161 175.121 10.7654 4.54067 3.01217 171.558 23.5249 13.819 9.70593 148.033 13.4426
internal_count=1743 1410 333 1329 1182 246 81 70 1129 145 83 62 984 165
is_linear=0
shrinkage=0.045


Tree=102
num_leaves=15
num_cat=0
split_feature=4 14 0 0 13 1 0 5 1 0 1 1 0 1
split_gain=1.20687 2.07043 1.7594 1.3145 1.49934 2.19163 0.917569 1.71881 1.96238 4.65353 1.48822 1.34535 1.03731 2.43311
threshold=1.0000000180025095e-35 1.0000000180025095e-35 7.5569551863189988 7.8454611985054994 1.0000000180025095e-35 0.26449117332417538 7.5569551863189988 1.0000000180025095e-35 0.16510956345251884 7.7481635595582405 0.3522647154979997 0.88852334041604064 7.1419752866463933 1.9948754480354034
decision_type=2 2 2 2 2 2 2 2 2 2 2 2 2 2
left_child=6 2 -2 4 -3 -6 12 8 -8 -10 -11 -12 -1 -14
right_child=1 3 -4 -5 5 -7 7 -9 9 10 11 -13 13 -15
leaf_value=0.00068914262360112951 -0.047828209707104073 -0.023737937986212081 -0.0013237248878716699 -0.027737686055835948 0 0.051041934717261019 -0.0067254142122841294 -0.016726567009384786 0.042302106455299922 0.02250575442486806 -0.020528276168452392 0.0067949998053137249 -0.017998018363334804 0.012476080133790663
leaf_weight=104.71189400553703 4.2477234574034819 1.9603557651862491 2.9607786610722542 2.3805148452520379 4.6365167535841456 2.4615840725600719 10.534405857324598 5.4942526295781127 8.9136361256241816 5.6528224200010326 5.923303708434104 8.5477590113878232 18.487312078475956 7.0690058767795554
leaf_count=1120 72 34 17 12 46 36 48 25 45 26 31 49 101 36
internal_value=-0.000510334 -0.0113437 -0.029886 0.000267202 0.00855299 0.0184938 0.000627815 0.00616464 0.00952418 0.0155789 0.00322096 -0.00420964 -0.00125967 -0.00936259
internal_weight=193.982 18.6475 7.2085 11.439 9.05846 7.0981 175.334 45.0662 39.5719 29.0375 20.1239 14.4711 130.268 25.5563
internal_count=1698 217 89 128 116 82 1481 224 199 151 106 80 1257 137
is_linear=0
shrinkage=0.045


Tree=103
num_leaves=15
num_cat=0
split_feature=5 1 1 1 1 9 1 1 1 1 13 1 1 4
split_gain=1.07281 1.4156 3.12894 2.73031 1.82826 1.20587 1.9397 1.45845 1.4262 1.46446 1.43319 1.21299 2.77947 1.7082
threshold=1.0000000180025095e-35 0.15891227420555962 0.10913471545605404 0.21638136753348611 0.3402481454404212 1.0000000180025095e-35 0.93888122193197288 0.044111176107738119 4.9897837129372844 4.1169434424682194 1.0000000180025095e-35 0.59645685809869664 0.4947828823442974 1.0000000180025095e-35
decision_type=2 2 2 2 2 2 2 2 2 2 2 2 2 2
left_child=5 2 -2 -3 -5 7 -7 -1 9 11 -10 12 13 -9
right_child=1 3 -4 4 -6 6 -8 8 10 -11 -12 -13 -14 -15
leaf_value=-0.029209765368857919 -0.027001821667419379 -0.057253954253655467 0.044829624819045247 0.0098387030449214961 -0.024613190722756466 -0.00292352350965703 -0.046639456380559545 0.0095226805227327203 -0.023144219036644299 0.028930535973479596 0.0010280705126625143 -0.00012326151245771911 0.036047465581846981 -0.0081331434771780096
leaf_weight=2.5035067927092305 2.0137583324685719 2.5022761914879075 2.4809676874428988 6.2370000472292286 5.694777530618012 19.084247907623652 2.1548195891082278 50.246462815441191 6.9229872263968 5.1853284612298003 15.309910573065281 56.158818249590695 6.6449324283748856 13.791725470684467
leaf_count=24 38 28 18 58 66 232 27 446 44 30 87 421 53 163
internal_value=0.00088285 -0.00920405 0.0119094 -0.0161591 -0.0063682 0.00198987 -0.00796235 0.00337534 0.00397044 0.0057642 -0.00643745 0.00473768 0.00865271 0.00563666
internal_weight=196.932 18.9288 4.49473 14.4341 11.9318 178.003 21.2391 156.764 154.26 132.027 22.2329 126.842 70.6831 64.0382
internal_count=1735 208 56 152 124 1527 259 1268 1244 1113 131 1083 662 609
is_linear=0
shrinkage=0.045


Tree=104
num_leaves=15
num_cat=0
split_feature=9 1 1 1 1 0 1 0 0 0 0 1 0 1
split_gain=0.823412 1.60901 1.48772 1.46031 2.37871 1.39817 1.57244 1.16114 2.02718 1.38469 1.89158 1.94232 3.56894 2.03217
threshold=1.0000000180025095e-35 0.3506477372247197 0.044111176107738119 0.53318158014182337 0.77761488650647326 7.6603753272663697 0.14293409179100333 8.136062165688573 8.0576131402669002 7.9566157377404787 7.3756415458025453 0.1269030572787255 7.1419752866463933 0.084716577351136899
decision_type=2 2 2 2 2 2 2 2 2 2 2 2 2 2
left_child=2 5 -1 -3 -5 6 -2 8 9 10 11 13 -13 -4
right_child=1 3 7 4 -6 -7 -8 -9 -10 -11 -12 12 -14 -15
leaf_value=-0.03064738111353275 -0.0085327491124041217 0.027101562572971593 -0.0019477320717615201 -0.046059812088178533 0.013474793582383168 0.0052927439691194036 -0.049246777589063748 -0.019688506049664017 0.028741618483945491 -0.017889599156636109 0.010615001345506487 -3.4660487014258528e-05 -0.026959072378478308 0.032742767398248357
leaf_weight=2.8042523078620425 4.3038707841187733 3.5094709116965515 6.4650820828974229 1.9960175594314931 3.2376111373305321 2.8912533521652213 4.015551301650703 4.9615727812051764 5.3343084901571265 7.2642939090728751 38.080134399235249 93.202379145659506 11.009550444781778 6.5100700622424483
leaf_count=32 65 42 87 27 41 15 61 22 26 37 195 921 59 84
internal_value=-0.000273252 -0.00890484 0.000690816 0.00511069 -0.00926214 -0.0201278 -0.0294072 0.00126015 0.00192879 0.000986892 0.00192087 -0.000879245 -0.0029684 0.0153489
internal_weight=195.585 19.9538 175.632 8.7431 5.23363 11.2107 8.31942 172.827 167.866 162.532 155.267 117.187 104.212 12.9752
internal_count=1714 251 1463 110 68 141 126 1431 1409 1383 1346 1151 980 171
is_linear=0
shrinkage=0.045


Tree=105
num_leaves=15
num_cat=0
split_feature=1 1 0 8 0 0 0 0 2 1 6 1 0 1
split_gain=1.15382 1.90072 1.41551 2.66785 2.96109 1.7616 2.35172 1.88611 1.92141 5.16965 2.79574 1.87946 1.41288 1.29093
threshold=0.05254713040674356 0.062601137808602061 6.9879948526472333 1.0000000180025095e-35 6.8335515279609895 5.0390548140434204 5.2673149572980735 4.6918033618167527 1.0000000180025095e-35 4.5247579552054589 1.0000000180025095e-35 0.54481442642517297 6.5924450451070937 1.6121602306620904
decision_type=2 2 2 2 2 2 2 2 2 2 2 2 2 2
left_child=-1 -2 3 4 5 7 -7 8 10 -10 11 -3 -8 -14
right_child=1 2 -4 -5 -6 6 12 -9 9 -11 -12 -13 13 -15
leaf_value=0.018707022091709501 -0.03767788435988232 -0.038970539545079029 0.0036816948070706747 -0.032924049225784555 -0.026801128534159419 0.033987156606194613 -0.0029180875363158756 -0.031989780039213302 -0.039921329500515919 0.045740319832105539 0.064609178074836224 0.012989200231454381 0.019732070675477043 -0.0054722197296327296
leaf_weight=5.8908420596271744 2.6485415715724221 1.7025357838720099 84.833769373595715 5.960953712463378 8.8441442772746068 4.6790963653475037 43.574156545102596 5.9694562125951043 5.6316671632230273 1.6651100143790243 1.453626027330756 5.2321857530623674 12.781009227037432 5.5625718235969535
leaf_count=69 29 77 445 123 49 55 386 133 148 15 35 66 73 25
internal_value=-0.000531234 -0.0011686 -0.000590519 -0.00415121 -0.00227447 0.000187646 0.00386542 -0.010849 -0.00221848 -0.0190745 0.0120228 0 0.00141459 0.0118698
internal_weight=196.43 190.539 187.89 103.057 97.0956 88.2514 66.5968 21.6546 15.6851 7.29678 8.38835 6.93472 61.9177 18.3436
internal_count=1728 1659 1630 1185 1062 1013 539 474 341 163 178 143 484 98
is_linear=0
shrinkage=0.045


Tree=106
num_leaves=15
num_cat=0
split_feature=1 1 1 1 2 1 0 1 0 0 1 0 1 1
split_gain=1.39366 2.44626 2.2031 1.89522 2.03098 3.20643 3.18039 1.63811 1.75424 3.10185 1.44823 1.61733 1.51537 1.33688
threshold=6.1299635965894375 3.3839142021814461 0.59645685809869664 1.3733543031536319 1.0000000180025095e-35 1.0803305500120473 7.9926308551386782 1.8260189601195607 5.9191642435337135 6.7541442003441441 0.51763754392094519 5.9485350739343916 0.056376930956739138 0.77761488650647326
decision_type=2 2 2 2 2 2 2 2 2 2 2 2 2 2
left_child=1 2 10 4 6 13 -4 -5 -9 -10 11 12 -1 -6
right_child=-2 -3 3 7 5 -7 -8 8 9 -11 -12 -13 -14 -15
leaf_value=0.025079536645904819 -0.013256445481286742 0.015414118378262632 -0.04122568049129182 0.013831342188951545 -0.010644309780643704 -0.047561245273771376 0.016807482249673367 0.0073373685557105101 -0.044909919292268417 0 0.022787683802600614 0.0034229301489972601 -0.016625604615813323 0.020060476916692761
leaf_weight=1.7377228811383272 16.889012362807989 18.922123841941357 10.212359379045663 9.7992287389934081 5.0784801850095374 2.6855871733278045 2.1036087125539789 8.4022152703255433 5.1595704704523069 7.7351118922233582 6.3119241669774047 83.432468973100185 15.035671562887726 5.875090355053544
leaf_count=50 97 109 142 73 43 30 11 69 28 41 56 490 461 55
internal_value=-0.000964649 0.000161556 -0.0015921 -0.00872803 -0.0176676 -0.00517074 -0.0308437 -0.00105742 -0.00818239 -0.0185964 0.00219696 0.000812333 -0.0117952 0.00548555
internal_weight=199.38 182.491 163.569 57.0513 25.9551 13.6392 12.316 31.0961 21.2969 12.8947 106.518 100.206 16.7734 10.9536
internal_count=1755 1658 1549 492 281 128 153 211 138 69 1057 1001 511 98
is_linear=0
shrinkage=0.045


Tree=107
num_leaves=15
num_cat=0
split_feature=13 0 0 0 7 0 0 0 0 0 0 2 0 0
split_gain=0.708833 2.10157 2.099 2.0897 1.35556 1.41438 2.9484 1.20066 1.08277 1.66377 1.00403 2.46758 1.87789 1.02601
threshold=1.0000000180025095e-35 5.1668203791242453 7.1234706269658616 7.4245082035363748 1.0000000180025095e-35 6.5699432387845755 6.3482591658134258 6.8185688051694155 7.2379143562153176 7.3384740490892204 7.0393388423805083 1.0000000180025095e-35 6.9879948526472333 6.9237552361845296
decision_type=2 2 2 2 2 2 2 2 2 2 2 2 2 2
left_child=1 -1 4 -4 5 6 -3 -7 10 -10 12 -12 13 -2
right_child=8 2 3 -5 -6 7 -8 -9 9 -11 11 -13 -14 -15
leaf_value=-0.035015881952789291 -0.0021188633305059897 0.012832674273775912 -0.038630338555855466 -0.0054527046256245175 -0.013568187134478838 0.042223969155169329 -0.045553701314944864 0.0063757673325612685 0.02853693237471118 0.0017353765097618849 0.002310502577857248 -0.039630923012964406 0.030676596525211063 -0.028207164279529625
leaf_weight=4.6781459841877213 74.572082930244505 7.6922155497595721 5.0840032398700741 16.108849003911018 5.4011537134647361 4.0294830128550512 2.050852857530117 4.2012201696634293 5.0525708049535742 49.448086015880108 6.0283372253179532 4.8449299782514572 3.2321529164910308 3.0324772447347632
leaf_count=173 871 93 31 80 31 21 23 27 26 255 33 27 17 18
internal_value=-0.00218898 -0.00685537 -0.0036557 -0.0139089 0.00548858 0.0115491 0 0.025045 -0.000579318 0.00439758 -0.00358904 -0.0163497 -0.00178097 -0.00326601
internal_weight=195.457 49.2459 44.5678 21.1929 23.3749 17.9738 9.74307 8.2307 146.211 54.5007 91.71 10.8733 80.8367 77.6046
internal_count=1726 479 306 111 195 164 116 48 1247 281 966 60 906 889
is_linear=0
shrinkage=0.045


Tree=108
num_leaves=15
num_cat=0
split_feature=9 1 1 1 0 1 0 1 0 1 1 1 0 2
split_gain=1.42299 2.3454 2.52192 2.36692 1.40852 1.39424 1.29638 1.06118 1.63966 1.95815 1.50489 1.99639 4.40021 2.36462
threshold=1.0000000180025095e-35 0.14293409179100333 0.3506477372247197 0.53318158014182337 6.9710152956853708 0.044111176107738119 8.136062165688573 0.59645685809869664 4.5352286211947588 0.48301504450211591 0.43025040969744283 0.30264270730792897 7.1566948591857491 1.0000000180025095e-35
decision_type=2 2 2 2 2 2 2 2 2 2 2 2 2 2
left_child=5 -2 -3 -4 -5 -1 7 8 -7 10 11 -10 13 -13
right_child=1 2 3 4 -6 6 -8 -9 9 -11 -12 12 -14 -15
leaf_value=-0.030071383079584461 0.013049782941143201 -0.044727178434107694 0.019776920018376182 -0.0020750373503691443 -0.05023639473118105 -0.02189891676773446 -0.021208849188369055 -0.0017567199171474939 0.0018177114211232084 0.027870859282862138 -0.020227045946143191 0.0059905305421895511 -0.0021782655882586367 0.062329421419086609
leaf_weight=2.7511209007352582 5.1657866379246142 5.5799355087801805 3.8354181842878443 2.8428985010832548 2.3203243911266327 3.9926818795502177 4.8946934342384329 84.183714809827507 53.413916744291782 7.9095761850476256 4.4465762330219141 2.4640840962529174 8.1779590770602208 4.9431683141738176
leaf_count=31 68 70 43 50 16 157 22 614 446 55 37 36 40 41
internal_value=-0.000708683 -0.0121145 -0.0213917 -0.00577455 -0.0256238 0.000549218 0.00109184 0.00178644 0.00532981 0.00677172 0.00436887 0.00607284 0.0201632 0.0448296
internal_weight=196.922 19.7444 14.5786 8.99864 5.16322 177.177 174.426 169.532 85.348 81.3553 73.4457 68.9991 15.5852 7.40725
internal_count=1726 247 179 109 66 1479 1448 1426 812 655 600 563 117 77
is_linear=0
shrinkage=0.045


Tree=109
num_leaves=15
num_cat=0
split_feature=9 5 1 1 0 1 0 1 0 0 0 1 1 0
split_gain=0.956311 0.904315 2.00476 2.42015 1.75561 3.0548 1.29039 2.14586 1.86161 1.82429 1.42517 1.36721 2.31585 2.32879
threshold=1.0000000180025095e-35 1.0000000180025095e-35 0.15891227420555962 0.21638136753348611 7.4128764848277173 0.39188398340088321 7.3756415458025453 0.15493418452797766 7.6603753272663697 7.7041336757759691 7.5569551863189988 0.1269030572787255 0.19008965517941326 7.2245681602540461
decision_type=2 2 2 2 2 2 2 2 2 2 2 2 2 2
left_child=1 6 -3 -4 5 -5 11 9 10 -8 -9 -1 -13 -14
right_child=-2 2 3 4 -6 -7 7 8 -10 -11 -12 12 13 -15
leaf_value=0.013097490977067401 -0.0094486703268410899 0.016811441039347213 -0.056281190004591232 0.031621411937060168 -0.029331097664792093 -0.029323095758274992 -0.027856848988662933 0.012920693716816884 0.0063122929331507049 0.0063751369158059484 0.046247749651609195 -0.02864640813066224 0.00120417104487003 -0.027488806727979705
leaf_weight=12.530892588198183 19.94222700688988 4.3327065836638239 2.4598763873800626 3.93331749178469 4.2658309414982796 2.5492721451446414 5.2429661452770215 6.6517260074615461 26.462496533989906 7.0059475600719452 5.0169000327587128 6.2465159473940721 85.280444357544184 5.930862419307231
leaf_count=160 250 52 29 47 21 48 23 36 141 31 25 80 750 29
internal_value=-0.000135464 0.000892643 -0.00870319 -0.0175343 -0.00738952 0.00682133 0.00197979 0.00793624 0.0132295 -0.00812802 0.0281666 -0.000717168 -0.00256269 -0.000668375
internal_weight=197.852 177.91 17.541 13.2083 10.7484 6.48259 160.369 50.38 38.1311 12.2489 11.6686 109.989 97.4578 91.2113
internal_count=1722 1472 197 145 116 95 1275 256 202 54 61 1019 859 779
is_linear=0
shrinkage=0.045


Tree=110
num_leaves=15
num_cat=0
split_feature=6 1 1 1 1 16 1 1 0 0 0 0 1 0
split_gain=0.649575 2.29807 2.13038 1.02468 1.01382 2.86592 1.83803 1.78835 2.30224 2.54143 1.58462 1.98207 3.46596 1.48075
threshold=1.0000000180025095e-35 0.14699701994076456 0.66598016770641899 0.077635250063717701 0.15891227420555962 1.0000000180025095e-35 0.19565198072979317 0.1398333230090191 4.8053126130223518 4.5792836162807111 7.173524268712332 6.6997832210287909 0.078766801361662628 7.4790018030288703
decision_type=2 2 2 2 2 2 2 2 2 2 2 2 2 2
left_child=4 3 -3 -2 5 -1 13 8 9 -7 11 12 -10 -6
right_child=1 2 -4 -5 6 7 -8 -9 10 -11 -12 -13 -14 -15
leaf_value=-0.03100719152468014 0.0030592125529792084 0.023102657627156211 -0.0098305773931436809 -0.031266036116654558 -0.046484262982990562 0 -0.0010292508121074217 0.037776540821468779 -0.031403055273908326 0.109201397982154 0.013078695058509464 -0.038612563634124693 0.030948343044863817 -0.0036862463600919174
leaf_weight=3.389552001841369 2.827706158161166 14.963119631633164 5.0426025073975316 3.5869801193475723 3.1503966851159921 0.92274424619973305 133.49754825327545 4.2894382132217279 3.0473263524472731 0.6948307091370225 12.266235552728174 3.2509661987423897 3.8341164663434029 3.7699200361967087
leaf_count=44 27 124 42 32 60 44 1124 37 52 19 60 23 56 18
internal_value=0.000399072 0.0069544 0.0145637 -0.0158196 -0.000588 0.00662053 -0.00225422 0.0114702 0.00631269 0.0551311 0.00213131 -0.0106826 0.00259456 -0.02456
internal_weight=198.533 26.4204 20.0057 6.41469 172.113 31.6952 140.418 28.3057 24.0162 1.61757 22.3986 10.1324 6.88144 6.92032
internal_count=1762 225 166 59 1537 335 1202 291 254 63 191 131 108 78
is_linear=0
shrinkage=0.045


Tree=111
num_leaves=15
num_cat=0
split_feature=0 0 2 1 0 1 0 1 0 0 0 1 1 1
split_gain=1.44258 2.23013 1.77551 1.97722 1.51742 1.63742 1.57037 1.37655 2.25602 1.63054 0.814837 1.00525 1.67736 2.6548
threshold=4.6066906717330669 4.3412290326194762 1.0000000180025095e-35 5.3217453425797929 4.7742672693094628 0.45338345269622399 5.0390548140434204 2.1433494633657211 4.0250405301705738 4.1922268792800814 5.2019033719654955 0.3522647154979997 0.47420323695451588 0.55971682795658151
decision_type=2 2 2 2 2 2 2 2 2 2 2 2 2 2
left_child=1 2 7 -4 5 -2 -6 8 -1 -10 -8 -12 -13 -14
right_child=4 -3 3 -5 6 -7 10 -9 9 -11 11 12 13 -15
leaf_value=0.061798486334628082 0.062405535843967991 -0.044165700590664138 -0.036538353414025046 0.028322208184178927 -0.025390744687097174 0.0043432561613661593 0.021074443325076814 -0.013775607077412615 -0.037500476235885781 0.035459991268948061 0.0047772393929938354 -0.018189919313545747 0.027580064022280269 -0.0023428650576890293
leaf_weight=1.8724691029638036 1.4854112081229676 3.4146041749045244 4.0856658648699522 0.98394645750522602 4.3753883717581621 2.901187683455646 3.9362930282950392 2.190548051148653 1.1411677207797768 0.93649137578904618 72.502113012596965 11.511858424171804 6.3160759583115569 76.215729739516973
leaf_count=54 39 107 116 10 112 32 57 15 30 31 520 81 46 468
internal_value=0.000139407 -0.0133256 -0.00292801 -0.0224987 0.00127675 0.0268496 0.000579565 0.0127194 0.0284524 -0.00241232 0.00130142 0.000782387 -0.00225326 0
internal_weight=193.869 14.6249 11.2103 5.06961 179.244 4.3866 174.857 6.14068 3.95013 2.07766 170.482 166.546 94.0437 82.5318
internal_count=1718 363 256 126 1355 71 1284 130 115 61 1172 1115 595 514
is_linear=0
shrinkage=0.045


Tree=112
num_leaves=15
num_cat=0
split_feature=13 1 1 1 3 1 1 1 0 0 0 1 1 1
split_gain=1.06145 2.88132 3.50494 2.31991 1.91074 2.68435 1.4643 2.07269 1.38985 2.61998 1.80965 1.53159 4.41721 3.18267
threshold=1.0000000180025095e-35 0.4496978303006236 0.55971682795658151 0.3522647154979997 1.0000000180025095e-35 0.30264270730792897 3.8827977115476329 0.78291719031043927 7.2379143562153176 7.0393388423805083 6.9879948526472333 0.27167195734131222 0.1269030572787255 0.11241511700149473
decision_type=2 2 2 2 2 2 2 2 2 2 2 2 2 2
left_child=1 3 -3 4 5 -1 7 -4 9 10 11 12 13 -2
right_child=8 2 6 -5 -6 -7 -8 -9 -10 -11 -12 -13 -14 -15
leaf_value=-0.026782797103173269 0 0.049378993111690826 -0.022879631637342492 -0.055167601339460332 0.014678783437010316 0.024380372085933164 -0.015834482034059256 0.014678199484225952 0.0084007292050575499 -0.023098508961238849 0.037201188317705226 0.0045256607082874304 -0.027486652191238005 0.064540003931579923
leaf_weight=12.816048967652028 8.8776080925017613 2.9131421567872193 3.5372101962566438 2.7139821518212548 4.1785136628895989 2.2177153397351494 8.832349840551613 13.57533993385732 52.302734598517418 9.3449353203177434 2.6263549178838721 56.141226899810135 12.292689551599322 1.7005672343075264
leaf_count=161 146 36 37 26 38 23 55 112 269 53 14 529 196 21
internal_value=0.000561187 -0.00498693 0.00422921 -0.0172486 -0.0111471 -0.018719 -0.00100713 0.00648034 0.00256315 -0.00075435 0.00179854 0.000473991 -0.00922963 0.0116854
internal_weight=194.07 50.7843 28.858 21.9263 19.2123 15.0338 25.9449 17.1126 143.286 90.9834 81.6384 79.0121 22.8709 10.5782
internal_count=1716 488 240 248 222 184 204 149 1228 959 906 892 363 167
is_linear=0
shrinkage=0.045


Tree=113
num_leaves=15
num_cat=0
split_feature=1 1 1 1 14 5 14 1 16 1 3 1 1 1
split_gain=2.3793 2.6162 1.20488 1.36193 0.967082 0.849032 0.826802 1.64079 0.996788 0.869351 1.03039 2.83328 2.26707 3.87039
threshold=0.23710752404506044 0.25017749901735836 0.30264270730792897 0.31395490369458007 1.0000000180025095e-35 1.0000000180025095e-35 1.0000000180025095e-35 9.3949726061830372 1.0000000180025095e-35 5.5995879585675565 1.0000000180025095e-35 0.56627313815397207 0.59645685809869664 0.4947828823442974
decision_type=2 2 2 2 2 2 2 2 2 2 2 2 2 2
left_child=-1 -2 4 -4 -3 6 7 8 -5 10 12 -12 13 -8
right_child=1 2 3 5 -6 -7 9 -9 -10 -11 11 -13 -14 -15
leaf_value=-0.0078917531013350268 0.037798654561737664 -0.032310780952938212 0.031335387584123728 0.018891929351809205 -0.0013240709673669677 -0.01291074113930577 0.010118795450917938 0.0247172243548099 -0.0078725912348070626 -0.0040853730274423711 -0.038489657072601033 0.015431633362115588 0.0045697038605068902 0.061033229457459551
leaf_weight=56.299593268893659 4.0695241102948776 3.3239774070680124 3.1916854465380302 2.8217734145000568 5.6670293472707272 6.7263021264225236 11.037248367443679 3.8653389587998381 31.306193742901087 13.840231031179426 3.1823357325047246 4.4311733432114124 41.173140990547836 4.1893116403371087
leaf_count=588 37 31 23 25 63 75 108 21 269 79 28 39 298 33
internal_value=-8.26897e-05 0.00305865 0.00192172 0.00309593 -0.0137233 0.0022741 0.00321527 -0.00213295 -0.00543138 0.00588169 0.00811275 -0.00693906 0.0102415 0.0250283
internal_weight=195.125 138.825 134.756 125.765 8.99101 122.573 115.847 37.9933 34.128 77.8534 64.0132 7.61351 56.3997 15.2266
internal_count=1717 1129 1092 998 94 975 900 315 294 585 506 67 439 141
is_linear=0
shrinkage=0.045


Tree=114
num_leaves=15
num_cat=0
split_feature=0 5 0 1 1 0 13 1 1 1 13 1 1 0
split_gain=1.13281 2.4773 2.10017 2.06864 4.72149 1.98635 1.88091 1.71863 1.26283 1.46169 1.28126 1.682 1.61892 1.71053
threshold=6.1791546324194675 1.0000000180025095e-35 5.8313547596408082 1.5295070471476684 0.55971682795658151 6.3973099050625359 1.0000000180025095e-35 2.585831622352305 0.49963924508134444 0.23710752404506044 1.0000000180025095e-35 0.11688750964291246 0.071533975964733029 6.7181534348722227
decision_type=2 2 2 2 2 2 2 2 2 2 2 2 2 2
left_child=1 2 6 4 -4 -2 7 -1 9 10 11 -7 -12 -14
right_child=5 -3 3 -5 -6 8 -8 -9 -10 -11 12 -13 13 -15
leaf_value=-0.031899235096284485 -0.025529841022585362 -0.030923949640874606 0.026162526779561816 0.043317377214829651 -0.044288451742360298 0.0057466410175976458 0.0068851925048446791 0.0077596423675277814 -0.0064221377151065465 0.01013674804759176 -0.021855322882423985 -0.029747353456659586 0.031760347729608167 0.00095022520088550329
leaf_weight=5.3858354184776527 7.0941783487796775 3.4476693468168369 7.3708450868725759 5.4352194443345061 2.3618901968002319 4.0571639463305456 31.627528984099627 3.3029319085180759 55.894724953919649 30.080256041139364 4.754182554781436 6.6787086613476276 4.2058751285076168 23.38074441999197
leaf_count=178 69 122 69 28 28 24 496 33 310 165 29 43 27 115
internal_value=-0.000371624 0.00480365 0.00720759 0.0213895 0.00806528 -0.00264855 0.0016817 -0.0164817 -0.00131836 0.00252666 -0.00270573 -0.0160626 0.00166142 0.0060043
internal_weight=195.078 58.9319 55.4843 15.168 9.73274 136.146 40.3163 8.68877 129.052 73.1569 43.0767 10.7359 32.3408 27.5866
internal_count=1736 954 832 125 97 782 707 211 713 403 238 67 171 142
is_linear=0
shrinkage=0.045


Tree=115
num_leaves=15
num_cat=0
split_feature=11 1 1 0 0 0 0 0 8 1 1 1 1 1
split_gain=0.592545 1.54824 2.00977 1.57269 3.44205 1.24427 1.59849 1.45021 1.24087 1.13346 1.50607 0.964169 0.911003 0.908042
threshold=1.0000000180025095e-35 0.55971682795658151 0.4947828823442974 6.9237552361845296 6.742686594226579 7.5032580607321817 7.2245681602540461 7.9179096502050212 1.0000000180025095e-35 0.72626291698356249 1.6989298729854243 1.3733543031536319 1.2732230040631627 0.45338345269622399
decision_type=2 2 2 2 2 2 2 2 2 2 2 2 2 2
left_child=1 2 13 4 8 6 9 -7 -3 -2 12 -5 -11 -1
right_child=5 3 -4 11 -6 7 -8 -9 -10 10 -12 -13 -14 -15
leaf_value=0.0018843644797230036 0.026585621674705601 -0.00049680722727996811 0.03416306076178216 -0.027781143913928458 0.060217629191273429 0.032008207005697592 -0.022533735608399389 0 -0.040962493307706356 -0.035687638849626925 0.005200255753945982 -0.0021157776534839047 -0.00015060730544865579 -0.018726957173464447
leaf_weight=91.061253702268004 4.0687643885612479 10.15495187882334 3.6373651064932337 9.8716543614864332 1.5575891137123097 6.4319451972842199 4.7024009078741065 5.1202304661273956 1.66216437984258 2.8877833075821391 44.834578607231379 4.8122906684875479 3.2703429702669382 4.3234969275072208
leaf_count=918 28 174 41 59 9 39 24 32 39 26 255 25 25 50
internal_value=0.00140125 -0.000409631 0.00220066 -0.00973127 0.00113553 0.00468316 0.00195937 0.0181183 -0.00715008 0.00420656 0.00223612 -0.0198138 -0.0181214 0.000865809
internal_weight=198.397 127.081 99.0221 28.0587 13.3747 71.316 59.7639 11.5522 11.8171 55.0615 50.9927 14.6839 6.15813 95.3848
internal_count=1744 1315 1009 306 222 429 358 71 213 334 306 84 51 968
is_linear=0
shrinkage=0.045


Tree=116
num_leaves=15
num_cat=0
split_feature=1 1 1 1 1 6 1 1 1 1 1 1 1 1
split_gain=0.951391 3.96778 1.71147 1.39247 2.38843 0.674725 1.4108 0.91847 0.832504 1.53055 0.712239 3.82576 1.87401 1.30726
threshold=0.1269030572787255 0.1398333230090191 0.11688750964291246 0.088298699212135845 0.078766801361662628 1.0000000180025095e-35 0.66598016770641899 0.23710752404506044 0.15674273059990482 0.19565198072979317 3.3839142021814461 2.9901439433008092 4.6547528933336624 6.8890370462102117
decision_type=2 2 2 2 2 2 2 2 2 2 2 2 2 2
left_child=2 -2 3 4 -1 8 7 -7 -3 -10 11 -11 -12 -14
right_child=1 5 -4 -5 -6 6 -8 -9 9 10 12 -13 13 -15
leaf_value=0 -0.054261188837589409 0.016533485670068241 0.029256647812135085 -0.014347347013335046 0.041209886854710449 -0.002799282459613966 -0.01566851273047188 0.019843376386576801 -0.023379064665835853 -0.0017621682658029111 0.018379599282306515 -0.045199043064039088 -0.01678873036376427 0.0042857306311095281
leaf_weight=14.294186132028708 2.6978760054334989 4.3881014566868535 5.341710925102233 7.5428710952401152 3.3989715231582514 4.7926576007157591 4.2072684187442055 11.139996228739617 6.8117291913367799 90.651767119765282 11.61304437369108 4.1217623427510253 9.0840162038803118 15.971240174025295
leaf_count=165 29 40 44 75 26 40 38 89 84 874 63 23 57 90
internal_value=-0.000665401 -0.00203524 0.0065667 0.00139472 0.00844266 -0.00107654 0.0065385 0.0128031 -0.00219088 -0.0028407 -0.00170826 -0.00378985 0.00354119 -0.00324927
internal_weight=196.057 165.479 30.5777 25.236 17.6932 162.782 20.1399 15.9327 142.642 138.254 131.442 94.7735 36.6683 25.0553
internal_count=1737 1427 310 266 191 1398 167 129 1231 1191 1107 897 210 147
is_linear=0
shrinkage=0.045


Tree=117
num_leaves=15
num_cat=0
split_feature=0 0 0 2 1 1 1 11 0 0 0 8 0 1
split_gain=1.728 2.02072 2.31591 1.7493 2.64254 2.2496 2.84347 1.74671 1.47992 1.43012 0.735954 0.722192 2.82374 2.41575
threshold=5.0856547615560377 4.7742672693094628 4.6676848179392758 1.0000000180025095e-35 5.3217453425797929 3.3839142021814461 1.6989298729854243 1.0000000180025095e-35 4.2963419893582619 4.4650503150194778 3.8413333470262843 1.0000000180025095e-35 6.8948123617929644 0.18359105805802961
decision_type=2 2 2 2 2 2 2 2 2 2 2 2 2 2
left_child=1 2 3 5 -5 6 8 -4 10 -10 -1 -2 -13 -14
right_child=11 -3 7 4 -6 -7 -8 -9 9 -11 -12 12 13 -15
leaf_value=0.0045676732957087851 0.0028425798734934191 -0.036483769082901497 0.061886977389039824 -0.039846858860685841 0.035924623538493926 -0.044028390898322417 0.052072991235863487 -0.00038439046675347238 0.068263675831455428 -0.0050319441648482236 -0.040961163875473661 -0.037037160612450007 -0.019849082933041384 0.019153512694595219
leaf_weight=0.76861378923059076 152.62583557516336 4.8697838243097058 1.4910676926374427 5.7883694400079539 0.88085269555449475 1.5148039646446703 2.3091743681579828 1.6720234379172325 0.62643422279506911 1.2040458805859087 1.99686021823436 4.4218106325715807 5.043549105525015 7.9802047833800316
leaf_count=24 1027 127 38 177 9 14 18 13 29 41 67 81 24 39
internal_value=0.000232541 -0.0112284 -0.00392387 -0.0115336 -0.0284295 0.00167622 0.0132931 0.0295667 -0.00661209 0.0220885 -0.0273351 0.0018285 -0.00672003 0.00363739
internal_weight=193.193 23.122 18.2522 15.0892 6.66922 8.41993 6.90513 3.16309 4.59595 1.83048 2.76547 170.071 17.4456 13.0238
internal_count=1728 557 430 379 186 193 179 51 161 70 91 1171 144 63
is_linear=0
shrinkage=0.045


Tree=118
num_leaves=15
num_cat=0
split_feature=0 5 3 0 1 16 0 0 0 8 0 0 0 14
split_gain=0.943274 2.10367 1.37258 1.37433 2.20257 1.86271 4.11832 1.53043 2.52425 1.30656 0.945561 1.51309 1.00858 1.11133
threshold=6.460725065106641 1.0000000180025095e-35 1.0000000180025095e-35 4.7223608374029871 9.3949726061830372 1.0000000180025095e-35 5.8381567408438846 4.5226137532655057 4.3412290326194762 1.0000000180025095e-35 8.136062165688573 8.0416542549812018 7.9179096502050212 1.0000000180025095e-35
decision_type=2 2 2 2 2 2 2 2 2 2 2 2 2 2
left_child=1 2 3 7 5 6 -5 8 -1 -7 11 12 13 -2
right_child=10 -3 -4 4 -6 9 -8 -9 -10 -11 -12 -13 -14 -15
leaf_value=0.011845580767362546 -0.0037854182944911151 -0.034578980782001584 -0.022044942874021752 -0.022697367765420948 0.028406928187763695 -0.0086913469378914095 0.061758575132544347 0.034253473355824376 -0.041884569174356109 -0.042056378322822621 -0.017088888707498567 0.021190033660690898 -0.01193731173366917 0.0059514832463366885
leaf_weight=9.6964602107182127 36.53813274949789 4.37429598532617 6.5581506565213195 2.1141571896150699 3.4601268842816344 32.657322527840734 2.1069091819226742 3.9572778940200797 1.9471821240149427 2.4955410128459325 5.0360396504402152 7.8990301191806784 10.742245852947233 65.162888679653406
leaf_count=194 209 138 119 32 18 343 21 56 55 72 23 39 55 358
internal_value=-0.000769569 -0.00498769 -0.00282708 -0.00052568 -0.00476413 -0.0079217 0.019327 0.0107397 0.00192471 -0.0114118 0.00153256 0.00237622 0.000979339 0.00240858
internal_weight=194.746 69.3674 64.9931 58.435 42.8341 39.3739 4.22107 15.6009 11.6436 35.1529 125.378 120.342 112.443 101.701
internal_count=1732 1048 910 791 486 468 53 305 249 415 684 661 622 567
is_linear=0
shrinkage=0.045


Tree=119
num_leaves=15
num_cat=0
split_feature=1 0 0 14 0 0 0 0 14 0 0 14 1 1
split_gain=0.833151 1.00347 0.597336 2.02263 1.20345 1.72657 1.4545 1.31546 1.02279 0.907511 1.50079 1.29257 1.10071 1.33316
threshold=18.626839070385326 8.1701688708935496 4.0250405301705738 1.0000000180025095e-35 4.5226137532655057 4.7223608374029871 5.0390548140434204 5.2019033719654955 1.0000000180025095e-35 6.4789985305452049 6.6405651202541023 1.0000000180025095e-35 4.0254935210678395 0.93888122193197288
decision_type=2 2 2 2 2 2 2 2 2 2 2 2 2 2
left_child=1 2 3 -1 -4 8 -7 -8 -6 11 -11 12 13 -9
right_child=-2 -3 4 -5 5 6 7 9 -10 10 -12 -13 -14 -15
leaf_value=-0.03617014945340475 0.020341433432889147 0.024355443954228492 -0.019609033971150477 0.029501582612152674 0.052900191026734128 -0.023804413351650067 0.022588496369194903 -0.013606088259121634 0.0066499145104522359 0.016435288095849866 -0.0015590312548935353 -0.0029395876582821567 0.0033634437041909068 -0.054160760998879828
leaf_weight=1.0186921330168832 3.4551493301987639 2.8161193877458564 7.5176669415086499 3.7216679118573666 1.5809162678197015 5.8753729714080682 4.308083144016563 5.0374406576156598 2.8779292143881321 10.071472056210039 108.65978402644396 30.896367920562625 2.390477642416954 2.7864463068544865
leaf_count=36 18 13 200 84 26 152 60 94 49 59 589 298 14 27
internal_value=-0.00086759 -0.00129892 -0.00173551 0.0135851 -0.00217372 -0.00137516 -0.00213774 -0.00130683 0.0255812 -0.0020064 0 -0.00775118 -0.0215372 -0.0296003
internal_weight=193.014 189.558 186.742 4.74036 182.002 174.484 170.025 164.15 4.45885 159.842 118.731 41.1107 10.2144 7.82389
internal_count=1719 1701 1688 120 1568 1368 1293 1141 75 1081 648 433 135 121
is_linear=0
shrinkage=0.045


end of trees

feature_importances:
relative_value_gap_bps=588
log10_trade_value=545
product_is_forward=91
observed_source_is_legacy_booking=66
field_is_base_amount=60
expected_source_is_fix_execution=60
family__currency_pair_or_side_mismatch=59
family__post_action_verification_failure=52
family__missing_required_source=31
family__lifecycle_status_mismatch=28
family__ambiguous_or_unmatched_linkage=23
currency_is_g10=22
family__duplicate_source_conflict=21
family__trade_or_value_date_mismatch=20
family__economic_value_mismatch=14

parameters:
[boosting: gbdt]
[objective: binary]
[metric: binary_logloss]
[tree_learner: serial]
[device_type: cpu]
[data_sample_strategy: bagging]
[data: ]
[valid: ]
[num_iterations: 120]
[learning_rate: 0.045]
[num_leaves: 15]
[num_threads: 1]
[seed: 20260808]
[deterministic: 1]
[force_col_wise: 1]
[force_row_wise: 0]
[histogram_pool_size: -1]
[max_depth: -1]
[min_data_in_leaf: 24]
[min_sum_hessian_in_leaf: 0.001]
[bagging_fraction: 0.9]
[pos_bagging_fraction: 1]
[neg_bagging_fraction: 1]
[bagging_freq: 1]
[bagging_seed: 20260808]
[bagging_by_query: 0]
[feature_fraction: 0.9]
[feature_fraction_bynode: 1]
[feature_fraction_seed: 20260808]
[extra_trees: 0]
[extra_seed: 26683]
[early_stopping_round: 0]
[early_stopping_min_delta: 0]
[first_metric_only: 0]
[max_delta_step: 0]
[lambda_l1: 0.1]
[lambda_l2: 0.2]
[linear_lambda: 0]
[min_gain_to_split: 0]
[drop_rate: 0.1]
[max_drop: 50]
[skip_drop: 0.5]
[xgboost_dart_mode: 0]
[uniform_drop: 0]
[drop_seed: 20849]
[top_rate: 0.2]
[other_rate: 0.1]
[min_data_per_group: 100]
[max_cat_threshold: 32]
[cat_l2: 10]
[cat_smooth: 10]
[max_cat_to_onehot: 4]
[top_k: 20]
[monotone_constraints: ]
[monotone_constraints_method: basic]
[monotone_penalty: 0]
[feature_contri: ]
[forcedsplits_filename: ]
[refit_decay_rate: 0.9]
[cegb_tradeoff: 1]
[cegb_penalty_split: 0]
[cegb_penalty_feature_lazy: ]
[cegb_penalty_feature_coupled: ]
[path_smooth: 0]
[interaction_constraints: ]
[verbosity: -1]
[saved_feature_importance_type: 0]
[use_quantized_grad: 0]
[num_grad_quant_bins: 4]
[quant_train_renew_leaf: 0]
[stochastic_rounding: 1]
[linear_tree: 0]
[max_bin: 255]
[max_bin_by_feature: ]
[min_data_in_bin: 3]
[bin_construct_sample_cnt: 200000]
[data_random_seed: 20260808]
[is_enable_sparse: 1]
[enable_bundle: 1]
[use_missing: 1]
[zero_as_missing: 0]
[feature_pre_filter: 1]
[pre_partition: 0]
[two_round: 0]
[header: 0]
[label_column: ]
[weight_column: ]
[group_column: ]
[ignore_column: ]
[categorical_feature: ]
[forcedbins_filename: ]
[precise_float_parser: 0]
[parser_config_file: ]
[objective_seed: 30706]
[num_class: 1]
[is_unbalance: 0]
[scale_pos_weight: 1]
[sigmoid: 1]
[boost_from_average: 1]
[reg_sqrt: 0]
[alpha: 0.9]
[fair_c: 1]
[poisson_max_delta_step: 0.7]
[tweedie_variance_power: 1.5]
[lambdarank_truncation_level: 30]
[lambdarank_norm: 1]
[label_gain: ]
[lambdarank_position_bias_regularization: 0]
[eval_at: ]
[multi_error_top_k: 1]
[auc_mu_weights: ]
[num_machines: 1]
[local_listen_port: 12400]
[time_out: 120]
[machine_list_filename: ]
[machines: ]
[gpu_platform_id: -1]
[gpu_device_id: -1]
[gpu_device_id_list: ]
[gpu_use_dp: 0]
[num_gpu: 1]

end of parameters

pandas_categorical:null
